time,DeviceID,SumoEdgeID,LaneNO,Volume,Svolume,Mvolume,Lvolume
2026-05-05 13:13:23,V3MER00,,0,7,7,0,0
2026-05-05 13:13:23,V3MER00,,1,39,35,1,3
2026-05-05 13:13:23,V3MER00,,2,33,30,0,3
2026-05-05 13:13:23,V3MER00,,3,20,14,2,4
2026-05-05 13:13:23,VTHRR20,,0,15,9,4,2
2026-05-05 13:13:23,VTHRR20,,1,40,29,4,7
2026-05-05 13:13:23,VH9H820,,0,13,13,0,0
2026-05-05 13:13:23,VH9H820,,1,33,27,2,4
2026-05-05 13:13:23,VH9H820,,2,16,15,1,0
2026-05-05 13:13:23,VH9H820,,4,0,0,0,0
2026-05-05 13:13:23,VH9H820,,5,0,0,0,0
2026-05-05 13:13:23,VL7TM20,,0,18,9,9,0
2026-05-05 13:13:23,VL7TM20,,1,27,8,18,1
2026-05-05 13:13:23,VJM4U00,,0,7,5,2,0
2026-05-05 13:13:23,V4291E0,,0,50,48,0,2
2026-05-05 13:13:23,VN2D0E1,,0,19,18,0,1
2026-05-05 13:13:23,VKXET60,,0,29,25,0,4
2026-05-05 13:13:23,VKXET60,,1,42,36,0,6
2026-05-05 13:13:23,VKXET60,,2,43,25,16,2
2026-05-05 13:13:23,VKXET60,,3,13,1,11,1
2026-05-05 13:13:23,VN2D0E2,,0,36,33,1,2
2026-05-05 13:13:23,VN2D0E2,,1,45,30,13,2
2026-05-05 13:13:23,VJHM740,,0,25,23,1,1
2026-05-05 13:13:23,VJHM740,,1,28,26,1,1
2026-05-05 13:13:23,VJHM740,,2,49,26,22,1
2026-05-05 13:13:23,VJHM740,,3,31,16,15,0
2026-05-05 13:13:23,VN2D0E0,,0,39,37,1,1
2026-05-05 13:13:23,VLEJP20,,0,20,19,1,0
2026-05-05 13:13:23,VLEJP20,,1,31,20,10,1
2026-05-05 13:13:23,VLEJP20,,2,7,4,2,1
2026-05-05 13:13:23,VHLNV00,,0,24,10,14,0
2026-05-05 13:13:23,VHLNV00,,1,7,7,0,0
2026-05-05 13:13:23,V6130C0,,0,69,50,17,2
2026-05-05 13:13:23,V6130C0,,1,104,104,0,0
2026-05-05 13:13:23,VLQLI40,,0,37,27,5,5
2026-05-05 13:13:23,VSNVA60,,0,14,12,0,2
2026-05-05 13:13:23,VSNVA60,,1,31,18,8,5
2026-05-05 13:13:23,VQFHV60,,0,12,8,1,3
2026-05-05 13:13:23,VQFHV60,,1,27,17,4,6
2026-05-05 13:13:23,VQFHV60,,2,7,1,1,5
2026-05-05 13:13:23,VQFHV60,,3,54,36,6,12
2026-05-05 13:13:23,VTHRR00,,0,17,11,6,0
2026-05-05 13:13:23,VTHRR00,,1,22,11,11,0
2026-05-05 13:13:23,VTHRR00,,2,0,0,0,0
2026-05-05 13:13:23,VMV4U41,,0,4,4,0,0
2026-05-05 13:13:23,VMV4U41,,1,13,13,0,0
2026-05-05 13:13:23,VMV4U41,,2,13,12,1,0
2026-05-05 13:13:23,VMV4U41,,3,1,1,0,0
2026-05-05 13:13:23,VMV4U41,,4,11,7,1,3
2026-05-05 13:13:23,VMV4U41,,5,12,6,3,3
2026-05-05 13:13:23,V0390G0,,0,121,115,0,6
2026-05-05 13:13:23,V0390G0,,1,108,107,0,1
2026-05-05 13:13:23,VF9NH00,,0,49,37,11,1
2026-05-05 13:13:23,VF9NH00,,1,13,4,7,2
2026-05-05 13:13:23,VF9NH00,,2,59,34,16,9
2026-05-05 13:13:23,VF9NH00,,3,32,9,11,12
2026-05-05 13:13:23,VPEE960,,0,54,3,51,0
2026-05-05 13:13:23,VPEE960,,1,41,1,40,0
2026-05-05 13:13:23,VNUNJ20,,0,8,1,1,6
2026-05-05 13:13:23,VNUNJ20,,1,27,25,1,1
2026-05-05 13:13:23,VNUNJ20,,2,31,26,4,1
2026-05-05 13:13:23,VNUNJ20,,3,8,4,3,1
2026-05-05 13:13:23,VNUNJ20,,4,76,45,30,1
2026-05-05 13:13:23,VNUNJ20,,5,83,46,34,3
2026-05-05 13:13:23,VI9QP10,,0,68,61,4,3
2026-05-05 13:13:23,VI9QP10,,1,22,18,4,0
2026-05-05 13:13:23,VI9QP10,,2,16,13,3,0
2026-05-05 13:13:23,VI9QP10,,3,20,11,9,0
2026-05-05 13:13:23,VI9QP10,,4,32,13,15,4
2026-05-05 13:13:23,VI9QP11,,0,59,59,0,0
2026-05-05 13:13:23,VI9QP11,,1,36,36,0,0
2026-05-05 13:13:23,VHWGD40,,0,25,20,5,0
2026-05-05 13:13:23,VHWGD40,,1,26,19,7,0
2026-05-05 13:13:23,VHWGD40,,2,9,7,2,0
2026-05-05 13:13:23,VHWGD40,,3,11,9,0,2
2026-05-05 13:13:23,VJHM760,,0,4,4,0,0
2026-05-05 13:13:23,VJHM760,,1,24,22,1,1
2026-05-05 13:13:23,VJHM760,,2,19,12,7,0
2026-05-05 13:13:23,VJHM760,,3,27,15,11,1
2026-05-05 13:13:23,VJHM760,,4,9,7,1,1
2026-05-05 13:13:23,VKCUX20,,0,52,43,5,4
2026-05-05 13:13:23,VKCUX20,,1,29,13,15,1
2026-05-05 13:13:23,VKCUX20,,2,15,6,8,1
2026-05-05 13:13:23,VKCUX20,,3,19,6,7,6
2026-05-05 13:13:23,VKCUX20,,4,39,30,3,6
2026-05-05 13:13:23,VKCUX20,,5,29,18,9,2
2026-05-05 13:13:23,V6330G7,,0,83,71,3,9
2026-05-05 13:13:23,V6330G7,,1,82,82,0,0
2026-05-05 13:13:23,V6330G8,,0,68,50,10,8
2026-05-05 13:13:23,V6330G8,,1,70,70,0,0
2026-05-05 13:13:23,V4040H1,,0,57,42,13,2
2026-05-05 13:13:23,V4040H1,,1,59,36,20,3
2026-05-05 13:13:23,VQFHC20,,0,1,0,0,1
2026-05-05 13:13:23,VQFHC20,,1,23,19,2,2
2026-05-05 13:13:23,VQFHC20,,2,28,24,3,1
2026-05-05 13:13:23,VQFHC20,,3,35,17,11,7
2026-05-05 13:13:23,VJTJ820,,0,42,40,0,2
2026-05-05 13:13:23,VJTJ820,,1,48,37,11,0
2026-05-05 13:13:23,VJTJ820,,2,45,24,20,1
2026-05-05 13:13:23,VJTJ820,,3,23,18,0,5
2026-05-05 13:13:23,VJTJ820,,4,42,19,20,3
2026-05-05 13:13:23,VJTJ820,,5,67,13,46,8
2026-05-05 13:13:23,VMFIG20,,0,41,30,7,4
2026-05-05 13:13:23,VMFIG20,,1,30,20,7,3
2026-05-05 13:13:23,VMFIG20,,2,10,3,6,1
2026-05-05 13:13:23,VHZC820,,0,21,18,1,2
2026-05-05 13:13:23,VHZC820,,1,16,13,0,3
2026-05-05 13:13:23,VHZC820,,2,23,20,0,3
2026-05-05 13:13:23,VHZC820,,3,19,11,2,6
2026-05-05 13:13:23,VI6I900,,0,12,7,5,0
2026-05-05 13:13:23,VI6I900,,1,25,20,5,0
2026-05-05 13:13:23,VI6I900,,2,12,4,8,0
2026-05-05 13:13:23,VI9QP00,,0,39,36,3,0
2026-05-05 13:13:23,VI9QP00,,1,40,38,2,0
2026-05-05 13:13:23,VI9QP00,,2,25,17,8,0
2026-05-05 13:13:23,VI9QP00,,3,20,9,11,0
2026-05-05 13:13:23,VI9QP00,,4,9,3,6,0
2026-05-05 13:13:23,V4280C0,,0,117,115,1,1
2026-05-05 13:13:23,V4280C0,,1,53,45,2,6
2026-05-05 13:13:23,V12F2E0,,0,44,41,1,2
2026-05-05 13:13:23,VNZQA20,,0,44,16,24,4
2026-05-05 13:13:23,VNZQA20,,1,29,7,7,15
2026-05-05 13:13:23,VNZQA20,,2,15,7,1,7
2026-05-05 13:13:23,VN0B0E3,,0,36,34,1,1
2026-05-05 13:13:23,VN0B0E3,,1,33,27,0,6
2026-05-05 13:13:23,VN0B0E0,,0,40,39,0,1
2026-05-05 13:13:23,VN0B0E2,,0,34,30,3,1
2026-05-05 13:13:23,VN0B0E2,,1,38,36,1,1
2026-05-05 13:13:23,VN0B0E2,,2,34,34,0,0
2026-05-05 13:13:23,VN0B0E1,,0,19,17,1,1
2026-05-05 13:13:23,V1290E0,,0,45,42,2,1
2026-05-05 13:13:23,V1290E0,,1,76,68,4,4
2026-05-05 13:13:23,VT9NN00,,0,6,4,1,1
2026-05-05 13:13:23,VT9NN00,,1,11,8,3,0
2026-05-05 13:13:23,VT9NN00,,2,4,4,0,0
2026-05-05 13:13:23,VT9NN00,,3,14,6,6,2
2026-05-05 13:13:23,VT9NN00,,4,57,24,30,3
2026-05-05 13:13:23,VT9NN00,,5,15,0,12,3
2026-05-05 13:13:23,V2320G0,,0,85,80,5,0
2026-05-05 13:13:23,V2320G0,,1,67,66,1,0
2026-05-05 13:13:23,VLRHT60,,0,0,0,0,0
2026-05-05 13:13:23,VLRHT60,,1,0,0,0,0
2026-05-05 13:13:23,VLRHT60,,2,7,3,2,2
2026-05-05 13:13:23,V9240A0,,0,9,6,1,2
2026-05-05 13:13:23,V9240A0,,1,45,41,4,0
2026-05-05 13:13:23,V9240A0,,2,17,16,0,1
2026-05-05 13:13:23,V6141E0,,0,36,35,1,0
2026-05-05 13:13:23,VHX4E40,,0,9,5,0,4
2026-05-05 13:13:23,VJT4T00,,0,43,8,24,11
2026-05-05 13:13:23,VJT4T00,,1,25,4,15,6
2026-05-05 13:13:23,VLDTB20,,0,10,8,2,0
2026-05-05 13:13:23,VLDTB20,,1,31,27,3,1
2026-05-05 13:13:23,VLDTB20,,2,9,6,1,2
2026-05-05 13:13:23,VLDTB20,,3,13,10,1,2
2026-05-05 13:13:23,VJMHU00,,0,25,22,0,3
2026-05-05 13:13:23,VJMHU00,,1,33,19,5,9
2026-05-05 13:13:23,VJMHU00,,2,37,14,17,6
2026-05-05 13:13:23,VJMHU00,,3,22,13,2,7
2026-05-05 13:13:23,VHWGD60,,0,20,13,0,7
2026-05-05 13:13:23,VHWGD60,,1,10,9,0,1
2026-05-05 13:13:23,VHWGD60,,2,23,22,0,1
2026-05-05 13:13:23,VHWGD60,,3,23,23,0,0
2026-05-05 13:13:23,V03D0G0,,0,103,103,0,0
2026-05-05 13:13:23,V03D0G0,,1,100,95,3,2
2026-05-05 13:13:23,V03D0G0,,2,90,85,2,3
2026-05-05 13:13:23,V03D0G1,,0,68,67,0,1
2026-05-05 13:13:23,V03D0G1,,1,124,118,1,5
2026-05-05 13:13:23,V03D0G1,,2,104,104,0,0
2026-05-05 13:13:23,VI9EM00,,0,28,22,0,6
2026-05-05 13:13:23,VI9EM00,,1,44,21,13,10
2026-05-05 13:13:23,VI9EM00,,2,43,22,17,4
2026-05-05 13:13:23,VI9EM00,,3,46,24,19,3
2026-05-05 13:13:23,VSGRX60,,0,33,26,1,6
2026-05-05 13:13:23,VSGRX60,,1,53,39,5,9
2026-05-05 13:13:23,VMTR600,,0,18,15,1,2
2026-05-05 13:13:23,VMTR600,,1,19,13,2,4
2026-05-05 13:13:23,VN5IG20,,0,50,29,6,15
2026-05-05 13:13:23,VN5IG20,,1,5,3,0,2
2026-05-05 13:13:23,VN5IG20,,2,10,1,9,0
2026-05-05 13:13:23,VN5IG20,,3,48,42,0,6
2026-05-05 13:13:23,VN5IG20,,4,36,14,16,6
2026-05-05 13:13:23,VJHM700,,0,19,16,0,3
2026-05-05 13:13:23,VJHM700,,1,42,23,18,1
2026-05-05 13:13:23,VJHM700,,2,55,24,29,2
2026-05-05 13:13:23,VJHM700,,3,9,7,0,2
2026-05-05 13:13:23,VJHM700,,4,56,30,24,2
2026-05-05 13:13:23,VJHM700,,5,55,28,26,1
2026-05-05 13:13:23,VJHM701,,0,17,15,2,0
2026-05-05 13:13:23,VJHM701,,1,38,29,7,2
2026-05-05 13:13:23,VJHM701,,2,25,19,5,1
2026-05-05 13:13:23,VK6L860,,0,29,26,1,2
2026-05-05 13:13:23,VK6L860,,1,83,22,57,4
2026-05-05 13:13:23,V4NJD00,,0,17,15,1,1
2026-05-05 13:13:23,V4NJD00,,1,18,18,0,0
2026-05-05 13:13:23,V4NJD00,,2,6,4,1,1
2026-05-05 13:13:23,V4NJD00,,3,20,17,2,1
2026-05-05 13:13:23,V1070A1,,0,86,49,30,7
2026-05-05 13:13:23,V1070A1,,1,87,78,7,2
2026-05-05 13:13:23,V42B1E0,,0,116,105,7,4
2026-05-05 13:13:23,V1IUI20,,0,15,8,7,0
2026-05-05 13:13:23,V1IUI20,,1,21,15,2,4
2026-05-05 13:13:23,VIVS602,,0,27,19,4,4
2026-05-05 13:13:23,VIVS602,,1,54,44,9,1
2026-05-05 13:13:23,VIVS602,,2,19,12,7,0
2026-05-05 13:13:23,VIVS602,,3,15,5,0,10
2026-05-05 13:13:23,VIVS602,,4,37,23,3,11
2026-05-05 13:13:23,VIVS602,,5,23,8,7,8
2026-05-05 13:13:23,VH7E720,,0,6,6,0,0
2026-05-05 13:13:23,VH7E720,,1,8,5,0,3
2026-05-05 13:13:23,VH6DG00,,0,45,31,0,14
2026-05-05 13:13:23,VH6DG00,,1,23,13,8,2
2026-05-05 13:13:23,V10D2A0,,0,64,59,0,5
2026-05-05 13:13:23,V9011A0,,0,54,34,15,5
2026-05-05 13:13:23,VJQEB00,,0,15,13,0,2
2026-05-05 13:13:23,VJQEB00,,1,7,6,0,1
2026-05-05 13:13:23,V6350G0,,0,36,34,2,0
2026-05-05 13:13:23,V6350G0,,1,40,39,0,1
2026-05-05 13:13:23,V2120C0,,0,42,41,0,1
2026-05-05 13:13:23,V2120C0,,1,78,72,1,5
2026-05-05 13:13:23,V42B1D0,,0,6,3,2,1
2026-05-05 13:13:23,VINJW00,,0,22,14,1,7
2026-05-05 13:13:23,VINJW00,,1,18,16,1,1
2026-05-05 13:13:23,VINJW00,,2,2,1,0,1
2026-05-05 13:13:23,VINJW00,,3,8,3,5,0
2026-05-05 13:13:23,VINJW00,,4,8,5,3,0
2026-05-05 13:13:23,VINJW00,,5,18,14,4,0
2026-05-05 13:13:23,VNLHV00,,0,10,10,0,0
2026-05-05 13:13:23,VNLHV00,,1,12,12,0,0
2026-05-05 13:13:23,VNLHV00,,2,15,10,0,5
2026-05-05 13:13:23,VNLHV00,,3,44,21,0,23
2026-05-05 13:13:23,VNLHV00,,4,0,0,0,0
2026-05-05 13:13:23,VLNPU40,,0,19,12,7,0
2026-05-05 13:13:23,VLNPU40,,1,26,21,2,3
2026-05-05 13:13:23,VLNPU40,,2,21,20,0,1
2026-05-05 13:13:23,VLNPU40,,3,15,9,6,0
2026-05-05 13:13:23,VSGLN60,,0,43,41,2,0
2026-05-05 13:13:23,VSGLN60,,1,31,28,0,3
2026-05-05 13:13:23,V9FLB00,,0,4,1,0,3
2026-05-05 13:13:23,V9FLB00,,1,15,7,3,5
2026-05-05 13:13:23,VN5IG00,,0,66,28,31,7
2026-05-05 13:13:23,VJHM720,,0,30,30,0,0
2026-05-05 13:13:23,VJHM720,,1,39,36,2,1
2026-05-05 13:13:23,VJHM720,,2,39,30,9,0
2026-05-05 13:13:23,VJHM720,,3,20,17,3,0
2026-05-05 13:13:23,VK8LT20,,0,31,25,6,0
2026-05-05 13:13:23,VK8LT20,,1,59,27,31,1
2026-05-05 13:13:23,VTGFS00,,0,36,21,5,10
2026-05-05 13:13:23,VTGFS00,,1,34,33,0,1
2026-05-05 13:13:23,VTGFS00,,2,50,42,5,3
2026-05-05 13:13:23,VTGFS00,,3,50,46,1,3
2026-05-05 13:13:23,VTGFS00,,4,39,38,0,1
2026-05-05 13:13:23,VLNPF60,,0,38,34,3,1
2026-05-05 13:13:23,VLNPF60,,1,36,19,17,0
2026-05-05 13:13:23,VLNPF60,,2,7,3,3,1
2026-05-05 13:13:23,VLNPF60,,3,7,5,2,0
2026-05-05 13:13:23,VLNPF60,,4,19,11,7,1
2026-05-05 13:13:23,VLNPF60,,5,2,1,1,0
2026-05-05 13:13:23,VMV4U00,,0,5,5,0,0
2026-05-05 13:13:23,VMV4U00,,1,11,7,1,3
2026-05-05 13:13:23,VMV4U00,,2,18,12,4,2
2026-05-05 13:13:23,VMV4U00,,3,17,15,2,0
2026-05-05 13:13:23,VIMNN00,,0,31,24,0,7
2026-05-05 13:13:23,VIMNN00,,1,2,1,1,0
2026-05-05 13:13:23,VQFHV41,,0,13,12,0,1
2026-05-05 13:13:23,VQFHV41,,1,16,15,0,1
2026-05-05 13:13:23,VQFHV41,,2,20,16,1,3
2026-05-05 13:13:23,VQFHV41,,3,17,15,0,2
2026-05-05 13:13:23,V2311G0,,0,40,39,1,0
2026-05-05 13:13:23,V2311G0,,1,51,49,0,2
2026-05-05 13:13:23,VMUGG20,,0,22,19,2,1
2026-05-05 13:13:23,VMUGG20,,1,22,15,4,3
2026-05-05 13:13:23,VMUGG20,,2,12,10,0,2
2026-05-05 13:13:23,VMUGG20,,3,19,11,3,5
2026-05-05 13:13:23,VP8FI21,,0,22,21,0,1
2026-05-05 13:13:23,VP8FI21,,1,66,58,3,5
2026-05-05 13:13:23,VP8FI21,,2,24,20,1,3
2026-05-05 13:13:23,VP8FI21,,3,40,37,0,3
2026-05-05 13:13:23,V3120C0,,0,75,62,2,11
2026-05-05 13:13:23,V3120C0,,1,69,67,1,1
2026-05-05 13:13:23,VQ6WK40,,0,16,5,4,7
2026-05-05 13:13:23,VQ6WK40,,1,23,16,3,4
2026-05-05 13:13:23,VQ6WK40,,2,75,65,3,7
2026-05-05 13:13:23,VQ6WK40,,3,34,24,6,4
2026-05-05 13:13:23,VQ6WK40,,4,50,37,11,2
2026-05-05 13:13:23,VQ6WK40,,5,58,22,32,4
2026-05-05 13:13:23,VXNEV60,,0,0,0,0,0
2026-05-05 13:13:23,VXNEV60,,1,5,5,0,0
2026-05-05 13:13:23,VXNEV60,,2,26,22,2,2
2026-05-05 13:13:23,VXNEV60,,3,10,6,4,0
2026-05-05 13:13:23,VXNEV60,,4,12,12,0,0
2026-05-05 13:13:23,VXNEV60,,5,18,17,0,1
2026-05-05 13:13:23,VI9RW20,,0,4,4,0,0
2026-05-05 13:13:23,VI9RW20,,1,21,15,4,2
2026-05-05 13:13:23,VI9RW20,,2,1,0,1,0
2026-05-05 13:13:23,V8050A0,,0,27,27,0,0
2026-05-05 13:13:23,V8050A0,,1,10,10,0,0
2026-05-05 13:13:23,VLBHN00,,0,18,18,0,0
2026-05-05 13:13:23,VLBHN00,,1,34,33,1,0
2026-05-05 13:13:23,VLBHN00,,2,39,0,17,22
2026-05-05 13:13:23,VLBHN00,,3,75,0,40,35
2026-05-05 13:13:23,V56BU20,,0,51,46,0,5
2026-05-05 13:13:23,V56BU20,,1,39,36,0,3
2026-05-05 13:13:23,V56BU20,,2,31,27,1,3
2026-05-05 13:13:23,VMVUL60,,0,25,25,0,0
2026-05-05 13:13:23,VMVUL60,,1,17,16,1,0
2026-05-05 13:13:23,VMVUL60,,2,8,8,0,0
2026-05-05 13:13:23,VM010A2,,0,30,29,1,0
2026-05-05 13:13:23,VM010A2,,1,40,40,0,0
2026-05-05 13:13:23,VH7EN60,,0,16,16,0,0
2026-05-05 13:13:23,VH7EN60,,1,31,19,10,2
2026-05-05 13:13:23,VB5PL60,,0,62,50,8,4
2026-05-05 13:13:23,VB5PL60,,1,42,34,5,3
2026-05-05 13:13:23,VJGPQ20,,0,22,18,3,1
2026-05-05 13:13:23,VJGPQ20,,1,38,13,22,3
2026-05-05 13:13:23,VWRLS20,,0,12,12,0,0
2026-05-05 13:13:23,VWRLS20,,1,19,15,1,3
2026-05-05 13:13:23,VWRLS20,,2,43,37,4,2
2026-05-05 13:13:23,VWRLS20,,3,2,2,0,0
2026-05-05 13:13:23,VWRLS20,,4,14,9,0,5
2026-05-05 13:13:23,VWRLS20,,5,29,21,0,8
2026-05-05 13:13:23,VJES820,,0,6,6,0,0
2026-05-05 13:13:23,VJES820,,1,20,12,3,5
2026-05-05 13:13:23,VJES820,,2,30,22,5,3
2026-05-05 13:13:23,VJES820,,3,27,15,3,9
2026-05-05 13:13:23,VJES820,,4,12,6,0,6
2026-05-05 13:13:23,VJES820,,5,4,4,0,0
2026-05-05 13:13:23,VIGHK40,,0,50,40,10,0
2026-05-05 13:13:23,VIGHK40,,1,76,48,28,0
2026-05-05 13:13:23,VIGHK40,,2,4,0,0,4
2026-05-05 13:13:23,V1CRT60,,0,24,22,1,1
2026-05-05 13:13:23,V1CRT60,,1,28,27,1,0
2026-05-05 13:13:23,VSXTK20,,0,10,2,1,7
2026-05-05 13:13:23,VSXTK20,,1,20,6,10,4
2026-05-05 13:13:23,VHFHV00,,0,15,9,5,1
2026-05-05 13:13:23,VHFHV00,,1,19,12,1,6
2026-05-05 13:13:23,VM8PX60,,0,14,14,0,0
2026-05-05 13:13:23,VM8PX60,,1,22,19,3,0
2026-05-05 13:13:23,VM8PX60,,2,9,7,1,1
2026-05-05 13:13:23,VM8PX60,,3,28,15,13,0
2026-05-05 13:13:23,V1270E0,,0,88,82,6,0
2026-05-05 13:13:23,V1270E0,,1,92,72,20,0
2026-05-05 13:13:23,V1270E0,,2,46,38,8,0
2026-05-05 13:13:23,V5AAF61,,0,15,2,13,0
2026-05-05 13:13:23,V5AAF61,,1,28,18,7,3
2026-05-05 13:13:23,V5AAF61,,2,31,28,1,2
2026-05-05 13:13:23,V5AAF61,,3,27,24,2,1
2026-05-05 13:13:23,V5AAF60,,0,42,38,0,4
2026-05-05 13:13:23,V5AAF60,,1,50,48,0,2
2026-05-05 13:13:23,V5AAF60,,2,27,26,0,1
2026-05-05 13:13:23,V5AAF60,,3,27,26,0,1
2026-05-05 13:13:23,V5AAF60,,4,35,33,0,2
2026-05-05 13:13:23,V5AAF60,,5,18,16,1,1
2026-05-05 13:13:23,VI9S600,,0,1,0,1,0
2026-05-05 13:13:23,VI9S600,,1,11,7,0,4
2026-05-05 13:13:23,VI9S600,,2,49,30,19,0
2026-05-05 13:13:23,VI9S600,,3,42,19,23,0
2026-05-05 13:13:23,VI9S600,,4,0,0,0,0
2026-05-05 13:13:23,VI9S600,,5,0,0,0,0
2026-05-05 13:13:23,VHXS600,,0,21,14,6,1
2026-05-05 13:13:23,VHXS600,,1,35,18,16,1
2026-05-05 13:13:23,VHXS600,,2,40,20,17,3
2026-05-05 13:13:23,VMEJW40,,0,28,18,6,4
2026-05-05 13:13:23,VMEJW40,,1,47,28,17,2
2026-05-05 13:13:23,VMEJW40,,2,22,17,3,2
2026-05-05 13:13:23,VMEJW40,,3,34,14,14,6
2026-05-05 13:13:23,VLRIF60,,0,9,6,3,0
2026-05-05 13:13:23,VLRIF60,,1,45,33,10,2
2026-05-05 13:13:23,VLRIF60,,2,24,5,19,0
2026-05-05 13:13:23,VJQJI20,238526531#0,0,10,7,0,3
2026-05-05 13:13:23,VJQJI20,238526531#0,1,14,13,0,1
2026-05-05 13:13:23,VJQJI20,238526531#0,2,30,24,4,2
2026-05-05 13:13:23,VJQJI20,506322846#0,3,24,18,2,4
2026-05-05 13:13:23,VJQJI20,506322846#0,4,39,26,7,6
2026-05-05 13:13:23,VJQJI20,506322846#0,5,35,16,12,7
2026-05-05 13:13:23,V7010A0,,0,38,31,0,7
2026-05-05 13:13:23,V7010A0,,1,97,90,1,6
2026-05-05 13:13:23,V6150C0,,0,47,42,1,4
2026-05-05 13:13:23,V6150C0,,1,53,52,0,1
2026-05-05 13:13:23,V6150C1,,0,47,41,1,5
2026-05-05 13:13:23,V6150C1,,1,36,36,0,0
2026-05-05 13:13:23,VND3C20,,0,29,26,0,3
2026-05-05 13:13:23,VND3C20,,1,25,20,4,1
2026-05-05 13:13:23,VLAFP60,,0,97,55,29,13
2026-05-05 13:13:23,VLAFP60,,1,57,25,25,7
2026-05-05 13:13:23,VZKPR20,,0,5,4,0,1
2026-05-05 13:13:23,VZKPR20,,1,3,2,0,1
2026-05-05 13:13:23,VZKPR20,,2,12,12,0,0
2026-05-05 13:13:23,VZKPR20,,3,5,5,0,0
2026-05-05 13:13:23,VP5KR60,,0,10,0,0,10
2026-05-05 13:13:23,VP5KR60,,1,52,51,0,1
2026-05-05 13:13:23,VP5KR60,,2,9,0,0,9
2026-05-05 13:13:23,VP5KR60,,3,43,39,3,1
2026-05-05 13:13:23,VP5KR60,,4,42,35,0,7
2026-05-05 13:13:23,VNNFY00,,0,37,31,0,6
2026-05-05 13:13:23,VNNFY00,,1,34,28,1,5
2026-05-05 13:13:23,VNNFY00,,2,24,1,18,5
2026-05-05 13:13:23,VNNFY00,,3,19,2,8,9
2026-05-05 13:13:23,VNNFY00,,4,16,14,0,2
2026-05-05 13:13:23,VNNFY00,,5,28,17,7,4
2026-05-05 13:13:23,VP5KR62,,0,9,2,0,7
2026-05-05 13:13:23,VP5KR62,,1,49,47,0,2
2026-05-05 13:13:23,VP5KR62,,2,14,3,0,11
2026-05-05 13:13:23,VP5KR62,,3,24,22,0,2
2026-05-05 13:13:23,VLRJE00,,0,29,17,10,2
2026-05-05 13:13:23,VLRJE00,,1,29,15,13,1
2026-05-05 13:13:23,VLAJE40,,0,14,11,3,0
2026-05-05 13:13:23,VLAJE40,,1,19,15,3,1
2026-05-05 13:13:23,V4060G0,,0,169,26,141,2
2026-05-05 13:13:23,V4060G0,,1,40,19,20,1
2026-05-05 13:13:23,VLRJX00,,0,7,1,0,6
2026-05-05 13:13:23,VLRJX00,,1,32,31,1,0
2026-05-05 13:13:23,VLRJX00,,2,29,23,4,2
2026-05-05 13:13:23,VLRJX00,,3,6,2,0,4
2026-05-05 13:13:23,VLRJX00,,4,17,10,4,3
2026-05-05 13:13:23,VLRJX00,,5,19,13,3,3
2026-05-05 13:13:23,VIKQU50,,0,39,32,3,4
2026-05-05 13:13:23,VIKQU50,,1,42,31,8,3
2026-05-05 13:13:23,VJHML20,,0,2,2,0,0
2026-05-05 13:13:23,VJHML20,,1,43,30,0,13
2026-05-05 13:13:23,VJHML20,,2,50,15,35,0
2026-05-05 13:13:23,VJHML20,,3,27,26,0,1
2026-05-05 13:13:23,VJHML20,,4,29,24,0,5
2026-05-05 13:13:23,VJHML20,,5,61,30,28,3
2026-05-05 13:13:23,VMQ4C40,,0,18,14,0,4
2026-05-05 13:13:23,VMQ4C40,,1,17,13,2,2
2026-05-05 13:13:23,VMQ4C40,,2,22,10,1,11
2026-05-05 13:13:23,VMQ4C40,,3,26,16,3,7
2026-05-05 13:13:23,VN8PT60,,0,34,30,1,3
2026-05-05 13:13:23,VN8PT60,,1,11,7,2,2
2026-05-05 13:13:23,VN8PT60,,2,20,14,4,2
2026-05-05 13:13:23,VN8PT60,,3,37,27,0,10
2026-05-05 13:13:23,VN8PT60,,4,29,16,5,8
2026-05-05 13:13:23,VLRIF00,,0,27,24,3,0
2026-05-05 13:13:23,VLRIF00,,1,25,17,7,1
2026-05-05 13:13:23,VMH5E60,,0,14,9,4,1
2026-05-05 13:13:23,VMH5E60,,1,45,28,13,4
2026-05-05 13:13:23,VMH5E60,,2,26,6,15,5
2026-05-05 13:13:23,VCZLY20,,0,17,5,5,7
2026-05-05 13:13:23,VCZLY20,,1,55,27,24,4
2026-05-05 13:13:23,VNUNJ00,,0,9,9,0,0
2026-05-05 13:13:23,VNUNJ00,,1,20,11,9,0
2026-05-05 13:13:23,VNUNJ00,,2,4,2,2,0
2026-05-05 13:13:23,V6170C1,,0,78,73,4,1
2026-05-05 13:13:23,V6170C1,,1,48,48,0,0
2026-05-05 13:13:23,V3AIL00,,0,37,33,1,3
2026-05-05 13:13:23,V3AIL00,,1,46,40,0,6
2026-05-05 13:13:23,V3AIL00,,2,27,18,1,8
2026-05-05 13:13:23,V3AIL00,,3,62,19,23,20
2026-05-05 13:13:23,VMVUL20,,0,4,3,0,1
2026-05-05 13:13:23,VMVUL20,,1,37,36,1,0
2026-05-05 13:13:23,VMVUL20,,2,22,18,1,3
2026-05-05 13:13:23,VMVUL20,,3,16,15,1,0
2026-05-05 13:13:23,VI9R760,,0,2,2,0,0
2026-05-05 13:13:23,VI9R760,,1,18,9,9,0
2026-05-05 13:13:23,VI9R760,,2,1,1,0,0
2026-05-05 13:13:23,VI9R760,,3,9,4,2,3
2026-05-05 13:13:23,VI9R760,,4,19,15,1,3
2026-05-05 13:13:23,VK6P820,,0,23,16,7,0
2026-05-05 13:13:23,VK6P820,,1,38,15,22,1
2026-05-05 13:13:23,VP5KR40,,0,25,24,1,0
2026-05-05 13:13:23,VP5KR40,,1,43,37,1,5
2026-05-05 13:13:23,VSDPM60,,0,17,16,1,0
2026-05-05 13:13:23,VSDPM60,,1,9,8,0,1
2026-05-05 13:13:23,VSDPM60,,2,18,17,1,0
2026-05-05 13:13:23,VSDPM60,,3,50,46,0,4
2026-05-05 13:13:23,VLRHT00,,0,21,20,1,0
2026-05-05 13:13:23,VLRHT00,,1,36,35,1,0
2026-05-05 13:13:23,VLRHT00,,2,18,12,3,3
2026-05-05 13:13:23,VLRHT00,,3,31,17,5,9
2026-05-05 13:13:23,VLRJX20,,0,10,6,4,0
2026-05-05 13:13:23,VLRJX20,,1,32,21,11,0
2026-05-05 13:13:23,VLRJX20,,2,9,4,5,0
2026-05-05 13:13:23,VLRJX20,,3,3,1,0,2
2026-05-05 13:13:23,VLRJX20,,4,1,0,0,1
2026-05-05 13:13:23,VB9L800,,0,13,8,5,0
2026-05-05 13:13:23,VB9L800,,1,24,21,0,3
2026-05-05 13:13:23,VB9L800,,2,15,10,1,4
2026-05-05 13:13:23,VB9L800,,3,7,5,2,0
2026-05-05 13:13:23,VB9L800,,4,24,13,6,5
2026-05-05 13:13:23,VB9L800,,5,20,6,13,1
2026-05-05 13:13:23,VB9L800,,6,0,0,0,0
2026-05-05 13:13:23,V0111C0,,0,120,120,0,0
2026-05-05 13:13:23,VS6TI00,,0,36,6,25,5
2026-05-05 13:13:23,VS6TI00,,1,71,40,22,9
2026-05-05 13:13:23,VS6TI00,,2,41,23,13,5
2026-05-05 13:13:23,VS6TI00,,3,30,15,10,5
2026-05-05 13:13:23,V42E2E0,,0,40,40,0,0
2026-05-05 13:13:23,V42E2E0,,1,49,48,0,1
2026-05-05 13:13:23,VMG5E20,,0,40,27,11,2
2026-05-05 13:13:23,VMG5E20,,1,44,33,6,5
2026-05-05 13:13:23,VMG5E20,,2,51,23,28,0
2026-05-05 13:13:23,VN2B0E0,,0,33,27,3,3
2026-05-05 13:13:23,VN2B0E2,,0,66,61,1,4
2026-05-05 13:13:23,VN2B0E2,,1,64,59,0,5
2026-05-05 13:13:23,V1XLD00,,0,12,10,2,0
2026-05-05 13:13:23,V1XLD00,,1,35,18,16,1
2026-05-05 13:13:23,V1XLD00,,2,11,2,9,0
2026-05-05 13:13:23,V1XLD00,,3,12,9,3,0
2026-05-05 13:13:23,V1XLD00,,4,27,16,10,1
2026-05-05 13:13:23,V1XLD00,,5,9,2,7,0
2026-05-05 13:13:23,VN2B0E1,,0,14,12,0,2
2026-05-05 13:13:23,V12B2E0,,0,112,101,2,9
2026-05-05 13:13:23,VN2B0E3,,0,50,37,1,12
2026-05-05 13:13:23,VN2B0E3,,1,41,33,2,6
2026-05-05 13:13:23,V52I2E0,,0,40,38,0,2
2026-05-05 13:13:23,VENCU40,,0,19,16,0,3
2026-05-05 13:13:23,VENCU40,,1,45,17,23,5
2026-05-05 13:13:23,V1050A0,,0,72,59,4,9
2026-05-05 13:13:23,V1050A0,,1,73,55,0,18
2026-05-05 13:13:23,V1050A0,,2,42,30,0,12
2026-05-05 13:13:23,V9211A0,,0,33,31,1,1
2026-05-05 13:13:23,V9211A0,,1,42,20,22,0
2026-05-05 13:13:23,V9211A0,,2,5,1,1,3
2026-05-05 13:13:23,V9211A0,,3,1,0,0,1
2026-05-05 13:13:23,VCZKG00,,0,17,14,0,3
2026-05-05 13:13:23,VCZKG00,,1,26,23,0,3
2026-05-05 13:13:23,VHSIP20,,0,19,16,2,1
2026-05-05 13:13:23,VHSIP20,,1,23,15,7,1
2026-05-05 13:13:23,VHSIP20,,2,0,0,0,0
2026-05-05 13:13:23,VHSIP20,,3,0,0,0,0
2026-05-05 13:13:23,VDENZ00,,0,63,55,5,3
2026-05-05 13:13:23,VDENZ00,,1,47,23,20,4
2026-05-05 13:13:23,VGLKW40,,0,40,32,8,0
2026-05-05 13:13:23,VGLKW40,,1,11,8,3,0
2026-05-05 13:13:23,VLXFX20,,0,60,46,12,2
2026-05-05 13:13:23,VLXFX20,,1,83,29,47,7
2026-05-05 13:13:23,V8250E0,,0,18,16,2,0
2026-05-05 13:13:23,V8250E0,,1,50,35,5,10
2026-05-05 13:13:23,V8250E0,,2,43,33,1,9
2026-05-05 13:13:23,V8250E0,,3,37,31,2,4
2026-05-05 13:13:23,V8250E1,,0,57,40,1,16
2026-05-05 13:13:23,V8250E1,,1,63,53,1,9
2026-05-05 13:13:23,V8250E1,,2,29,22,0,7
2026-05-05 13:13:23,V8250E1,,3,16,11,4,1
2026-05-05 13:13:23,VJGPQ00,,0,38,37,0,1
2026-05-05 13:13:23,VJGPQ00,,1,2,0,0,2
2026-05-05 13:13:23,VJGPQ00,,2,24,23,0,1
2026-05-05 13:13:23,VJGPQ00,,3,19,19,0,0
2026-05-05 13:13:23,VSHZU60,,0,14,10,1,3
2026-05-05 13:13:23,VSHZU60,,1,18,8,5,5
2026-05-05 13:13:23,VDYN960,,0,54,41,10,3
2026-05-05 13:13:23,VDYN960,,1,39,24,15,0
2026-05-05 13:13:23,VRHT640,,0,15,14,1,0
2026-05-05 13:13:23,VRHT640,,1,65,63,2,0
2026-05-05 13:13:23,VRHT640,,2,51,47,1,3
2026-05-05 13:13:23,VRHT640,,3,21,20,1,0
2026-05-05 13:13:23,VRHT640,,4,5,1,4,0
2026-05-05 13:13:23,VYRGM00,,0,15,12,1,2
2026-05-05 13:13:23,VYRGM00,,1,25,18,0,7
2026-05-05 13:13:23,VYRGM00,,2,22,18,0,4
2026-05-05 13:13:23,VYRGM00,,3,10,9,1,0
2026-05-05 13:13:23,VYRGM00,,4,14,14,0,0
2026-05-05 13:13:23,VYRGM00,,5,19,16,1,2
2026-05-05 13:13:23,V4010A0,,0,73,44,28,1
2026-05-05 13:13:23,V4010A0,,1,93,64,26,3
2026-05-05 13:13:23,V4010A0,,2,16,15,1,0
2026-05-05 13:13:23,V1030A0,,0,93,75,15,3
2026-05-05 13:13:23,V1030A0,,1,120,94,21,5
2026-05-05 13:13:23,V1030A0,,2,99,76,21,2
2026-05-05 13:13:23,VEFM0C0,,0,25,22,1,2
2026-05-05 13:13:23,VEFM0C0,,1,19,18,1,0
2026-05-05 13:13:23,V1250E0,,0,88,63,17,8
2026-05-05 13:13:23,V1250E0,,1,104,69,32,3
2026-05-05 13:13:23,V1250E0,,2,66,51,12,3
2026-05-05 13:13:23,V1NMM20,,0,38,24,9,5
2026-05-05 13:13:23,V1NMM20,,1,15,12,1,2
2026-05-05 13:13:23,V1NMM20,,2,32,27,3,2
2026-05-05 13:13:23,V1NMM20,,3,20,11,3,6
2026-05-05 13:13:23,VN0F0E1,,0,73,63,3,7
2026-05-05 13:13:23,VN0F0E1,,1,58,44,11,3
2026-05-05 13:13:23,VN0F0E1,,2,31,28,0,3
2026-05-05 13:13:23,V5051A0,,0,90,89,0,1
2026-05-05 13:13:23,V5260E0,,0,69,58,1,10
2026-05-05 13:13:23,V5260E0,,1,11,3,6,2
2026-05-05 13:13:23,V9HKV40,,0,1,1,0,0
2026-05-05 13:13:23,V9HKV40,,1,0,0,0,0
2026-05-05 13:13:23,VJWJ700,1458697048#0,0,2,1,1,0
2026-05-05 13:13:23,VJWJ700,1458697048#0,1,17,16,0,1
2026-05-05 13:13:23,VJWJ700,1458697048#0,2,3,1,2,0
2026-05-05 13:13:23,VJWJ700,1458697048#0,3,46,11,34,1
2026-05-05 13:13:23,VJWJ700,1458697048#0,4,1,0,1,0
2026-05-05 13:13:23,VJWJ700,1458697048#0,5,0,0,0,0
2026-05-05 13:13:23,VN0F0E0,,0,24,24,0,0
2026-05-05 13:13:23,VHKPV40,,0,15,12,2,1
2026-05-05 13:13:23,VHKPV40,,1,51,33,14,4
2026-05-05 13:13:23,VHKPV40,,2,19,11,6,2
2026-05-05 13:13:23,VHKPV40,,3,39,16,12,11
2026-05-05 13:13:23,VU8P760,,0,3,0,2,1
2026-05-05 13:13:23,VU8P760,,1,9,0,7,2
2026-05-05 13:13:23,VU8P760,,2,14,0,6,8
2026-05-05 13:13:23,VU8P760,,3,12,0,10,2
2026-05-05 13:13:23,VU8P760,,4,0,0,0,0
2026-05-05 13:13:23,VU8P760,,5,0,0,0,0
2026-05-05 13:13:23,VJCHS40,,0,21,16,0,5
2026-05-05 13:13:23,VJCHS40,,1,25,17,1,7
2026-05-05 13:13:23,VKFRT00,,0,77,72,2,3
2026-05-05 13:13:23,VKFRT00,,1,72,61,8,3
2026-05-05 13:13:23,VIWRJ60,,0,15,13,0,2
2026-05-05 13:13:23,VIWRJ60,,1,24,14,10,0
2026-05-05 13:13:23,VIWRJ60,,2,0,0,0,0
2026-05-05 13:13:23,VIWRJ60,,3,8,7,1,0
2026-05-05 13:13:23,VIWRJ60,,4,9,7,2,0
2026-05-05 13:13:23,VIWRJ60,,5,4,0,4,0
2026-05-05 13:13:23,VKWN800,,0,25,25,0,0
2026-05-05 13:13:23,VKWN800,,1,25,24,0,1
2026-05-05 13:13:23,VKWN800,,2,27,26,0,1
2026-05-05 13:13:23,VKWN800,,3,1,0,0,1
2026-05-05 13:13:23,VU8EF40,,0,16,16,0,0
2026-05-05 13:13:23,VU8EF40,,1,63,59,0,4
2026-05-05 13:13:23,VU8EF40,,2,58,58,0,0
2026-05-05 13:13:23,VU8EF40,,3,9,9,0,0
2026-05-05 13:13:23,VNLKR60,,0,13,11,1,1
2026-05-05 13:13:23,VNLKR60,,1,31,28,0,3
2026-05-05 13:13:23,VNLKR60,,2,3,1,2,0
2026-05-05 13:13:23,VLRJM60,,0,30,18,12,0
2026-05-05 13:13:23,VLRJM60,,1,36,17,12,7
2026-05-05 13:13:23,VLRJM60,,2,3,1,2,0
2026-05-05 13:13:23,VPWMA00,,0,33,21,8,4
2026-05-05 13:13:23,VPWMA00,,1,9,6,3,0
2026-05-05 13:13:23,VJCTT20,,0,16,6,8,2
2026-05-05 13:13:23,VJCTT20,,1,45,40,1,4
2026-05-05 13:13:23,VIDDL00,,0,33,21,1,11
2026-05-05 13:13:23,VIDDL00,,1,42,29,7,6
2026-05-05 13:13:23,VRPSV70,,0,14,5,9,0
2026-05-05 13:13:23,VRPSV70,,1,52,30,18,4
2026-05-05 13:13:23,VQI4840,,0,12,8,2,2
2026-05-05 13:13:23,VQI4840,,1,33,24,5,4
2026-05-05 13:13:23,VQI4840,,2,14,8,1,5
2026-05-05 13:13:23,VQI4840,,3,36,27,3,6
2026-05-05 13:13:23,VQI4840,,4,6,4,0,2
2026-05-05 13:13:23,VJWJ720,,0,23,16,0,7
2026-05-05 13:13:23,VJWJ720,,1,16,9,0,7
2026-05-05 13:13:23,V52B1E0,,0,26,20,1,5
2026-05-05 13:13:23,VSSTW00,,0,14,13,0,1
2026-05-05 13:13:23,VSSTW00,,1,31,24,4,3
2026-05-05 13:13:23,VSSTW00,,2,18,14,4,0
2026-05-05 13:13:23,VLTEQ40,,0,25,10,15,0
2026-05-05 13:13:23,VLTEQ40,,1,32,14,18,0
2026-05-05 13:13:23,VLTEQ40,,2,15,11,4,0
2026-05-05 13:13:23,VM210E2,,0,30,22,1,7
2026-05-05 13:13:23,VM210E2,,1,44,30,1,13
2026-05-05 13:13:23,V8030A0,,0,31,28,0,3
2026-05-05 13:13:23,V8030A0,,1,40,38,0,2
2026-05-05 13:13:23,V8030A0,,2,49,44,0,5
2026-05-05 13:13:23,VMZM900,,0,14,11,1,2
2026-05-05 13:13:23,VMZM900,,1,46,31,12,3
2026-05-05 13:13:23,VMZM900,,2,28,13,11,4
2026-05-05 13:13:23,VMZM900,,3,0,0,0,0
2026-05-05 13:13:23,VMZM900,,4,0,0,0,0
2026-05-05 13:13:23,VPYIH00,,0,24,16,1,7
2026-05-05 13:13:23,V3311G0,,0,24,24,0,0
2026-05-05 13:13:23,V3311G0,,1,10,7,1,2
2026-05-05 13:13:23,VRNIF00,,0,13,12,1,0
2026-05-05 13:13:23,VRNIF00,,1,18,18,0,0
2026-05-05 13:13:23,VRNIF00,,2,68,24,43,1
2026-05-05 13:13:23,VRNIF00,,3,8,6,2,0
2026-05-05 13:13:23,VRNIF00,,4,16,13,3,0
2026-05-05 13:13:23,VRNIF00,,5,21,11,6,4
2026-05-05 13:13:23,VINM760,,0,15,15,0,0
2026-05-05 13:13:23,VINM760,,1,21,20,0,1
2026-05-05 13:13:23,VINM760,,2,0,0,0,0
2026-05-05 13:13:23,VINM760,,3,1,0,0,1
2026-05-05 13:13:23,VYSIB60,,0,35,17,18,0
2026-05-05 13:13:23,V52A0E0,,0,92,82,1,9
2026-05-05 13:13:23,V52A0E0,,1,108,93,4,11
2026-05-05 13:13:23,VKHGT60,,0,24,18,3,3
2026-05-05 13:13:23,VKHGT60,,1,45,37,0,8
2026-05-05 13:13:23,VKHGT60,,2,31,28,0,3
2026-05-05 13:13:23,VKHGT60,,3,52,52,0,0
2026-05-05 13:13:23,VRKQZ40,,0,11,11,0,0
2026-05-05 13:13:23,VRKQZ40,,1,15,11,4,0
2026-05-05 13:13:23,VRKQZ40,,2,0,0,0,0
2026-05-05 13:13:23,VRKQZ40,,3,6,5,1,0
2026-05-05 13:13:23,V5271E0,,0,38,38,0,0
2026-05-05 13:13:23,VRGUF00,,0,12,10,1,1
2026-05-05 13:13:23,VRGUF00,,1,33,29,4,0
2026-05-05 13:13:23,VRGUF00,,2,35,24,4,7
2026-05-05 13:13:23,VRGUF00,,3,26,16,2,8
2026-05-05 13:13:23,V0130A0,,0,57,51,2,4
2026-05-05 13:13:23,V0130A0,,1,120,113,3,4
2026-05-05 13:13:23,V0130A0,,2,57,56,0,1
2026-05-05 13:13:23,VBWQ840,,0,43,29,14,0
2026-05-05 13:13:23,VBWQ840,,1,32,5,26,1
2026-05-05 13:13:23,VHPBV00,,0,11,11,0,0
2026-05-05 13:13:23,VHPBV00,,1,10,8,2,0
2026-05-05 13:13:23,VHPBV00,,2,18,15,2,1
2026-05-05 13:13:23,VHPBV00,,3,2,2,0,0
2026-05-05 13:13:23,VPDS600,,0,22,18,4,0
2026-05-05 13:13:23,VPDS600,,1,30,30,0,0
2026-05-05 13:13:23,VPDS600,,2,12,11,0,1
2026-05-05 13:13:23,VPDS600,,3,14,9,0,5
2026-05-05 13:13:23,VPDS600,,4,22,14,0,8
2026-05-05 13:13:23,VPDS600,,5,41,5,31,5
2026-05-05 13:13:23,V0130A1,,0,43,40,3,0
2026-05-05 13:13:23,V0130A1,,1,118,112,0,6
2026-05-05 13:13:23,V0130A1,,2,79,78,0,1
2026-05-05 13:13:23,VGYS7A1,,0,24,19,0,5
2026-05-05 13:13:23,VSMQQ40,,0,11,11,0,0
2026-05-05 13:13:23,VSMQQ40,,1,21,21,0,0
2026-05-05 13:13:23,VGYS7A0,,0,38,30,7,1
2026-05-05 13:13:23,VGYS7A0,,1,9,8,0,1
2026-05-05 13:13:23,VMXH820,,0,63,36,20,7
2026-05-05 13:13:23,VMXH820,,1,4,2,1,1
2026-05-05 13:13:23,VMXH820,,2,19,14,5,0
2026-05-05 13:13:23,VMXH820,,3,26,15,3,8
2026-05-05 13:13:23,VMXH820,,4,18,12,4,2
2026-05-05 13:13:23,V8010A2,,0,22,21,0,1
2026-05-05 13:13:23,V8010A2,,1,12,12,0,0
2026-05-05 13:13:23,V8010A2,,2,54,48,3,3
2026-05-05 13:13:23,V8010A2,,3,22,21,0,1
2026-05-05 13:13:23,V8010A2,,4,49,45,3,1
2026-05-05 13:13:23,V8010A2,,5,29,26,0,3
2026-05-05 13:13:23,V8010A1,,0,18,17,1,0
2026-05-05 13:13:23,V8010A1,,1,52,45,1,6
2026-05-05 13:13:23,V8010A1,,2,39,29,3,7
2026-05-05 13:13:23,VU8EF00,,0,30,29,0,1
2026-05-05 13:13:23,VU8EF00,,1,52,50,0,2
2026-05-05 13:13:23,VU8EF00,,2,61,59,0,2
2026-05-05 13:13:23,VU8EF00,,3,21,21,0,0
2026-05-05 13:13:23,VMZLI20,,0,14,13,0,1
2026-05-05 13:13:23,VMZLI20,,1,24,23,0,1
2026-05-05 13:13:23,VMZLI20,,2,36,20,16,0
2026-05-05 13:13:23,VMZLI20,,3,9,6,0,3
2026-05-05 13:13:23,VMZLI20,,4,28,26,0,2
2026-05-05 13:13:23,VMZLI20,,5,36,15,21,0
2026-05-05 13:13:23,VYSIB40,,0,28,23,4,1
2026-05-05 13:13:23,VYSIB40,,1,39,34,3,2
2026-05-05 13:13:23,VYSIB40,,2,24,7,16,1
2026-05-05 13:13:23,V1021A0,,0,49,49,0,0
2026-05-05 13:13:23,V4221E0,,0,7,7,0,0
2026-05-05 13:13:23,V4221E0,,1,3,3,0,0
2026-05-05 13:13:23,VJCTT60,,0,12,8,4,0
2026-05-05 13:13:23,VJCTT60,,1,46,45,1,0
2026-05-05 13:13:23,VJCTT60,,2,41,15,25,1
2026-05-05 13:13:23,VJCTT60,,3,18,10,8,0
2026-05-05 13:13:23,VJCTT60,,4,36,25,10,1
2026-05-05 13:13:23,VJCTT60,,5,23,9,12,2
2026-05-05 13:13:23,VQEUU60,,0,19,16,3,0
2026-05-05 13:13:23,VQEUU60,,1,33,26,7,0
2026-05-05 13:13:23,VQEUU60,,2,21,19,1,1
2026-05-05 13:13:23,VQEUU60,,3,38,32,2,4
2026-05-05 13:13:23,V4080G0,,0,23,21,0,2
2026-05-05 13:13:23,V4080G0,,1,12,12,0,0
2026-05-05 13:13:23,VLYGU40,,0,19,15,0,4
2026-05-05 13:13:23,VLYGU40,,1,23,16,0,7
2026-05-05 13:13:23,VLYGU40,,2,36,24,4,8
2026-05-05 13:13:23,VKZQW20,,0,25,24,1,0
2026-05-05 13:13:23,VKZQW20,,1,7,3,4,0
2026-05-05 13:13:23,VKZQW20,,2,22,15,3,4
2026-05-05 13:13:23,VKZQW20,,3,13,9,0,4
2026-05-05 13:13:23,VGBBW20,,0,29,20,4,5
2026-05-05 13:13:23,VGBBW20,,1,40,33,1,6
2026-05-05 13:13:23,V8230E1,,0,43,36,4,3
2026-05-05 13:13:23,V8230E1,,1,45,41,1,3
2026-05-05 13:13:23,V8230E1,,2,53,49,0,4
2026-05-05 13:13:23,VJFPW00,,0,18,18,0,0
2026-05-05 13:13:23,VJFPW00,,1,43,34,9,0
2026-05-05 13:13:23,VJFPW00,,2,10,5,5,0
2026-05-05 13:13:23,VJFPW00,,3,0,0,0,0
2026-05-05 13:13:23,VJFPW00,,4,0,0,0,0
2026-05-05 13:13:23,VRHT660,,0,23,3,9,11
2026-05-05 13:13:23,VRHT660,,1,22,3,1,18
2026-05-05 13:13:23,VRHT660,,2,15,5,3,7
2026-05-05 13:13:23,VRHT660,,3,2,1,0,1
2026-05-05 13:13:23,VRHT660,,4,12,3,8,1
2026-05-05 13:13:23,VRHT660,,5,34,9,8,17
2026-05-05 13:13:23,V1VJK40,,0,35,24,9,2
2026-05-05 13:13:23,V1VJK40,,1,80,56,23,1
2026-05-05 13:13:23,V1VJK40,,2,67,60,4,3
2026-05-05 13:13:23,V1230E0,,0,99,88,8,3
2026-05-05 13:13:23,V1230E0,,1,112,97,9,6
2026-05-05 13:13:23,V1230E0,,2,45,45,0,0
2026-05-05 13:13:23,V7230E0,,0,57,56,0,1
2026-05-05 13:13:23,V7230E0,,1,23,22,0,1
2026-05-05 13:13:23,VQGGJ20,,0,18,14,2,2
2026-05-05 13:13:23,VQGGJ20,,1,29,20,5,4
2026-05-05 13:13:23,VQGGJ20,,2,35,34,1,0
2026-05-05 13:13:23,VQGGJ20,,3,49,37,9,3
2026-05-05 13:13:23,VHKQD00,,0,35,28,4,3
2026-05-05 13:13:23,VHKQD00,,1,23,17,4,2
2026-05-05 13:13:23,VHKQD00,,2,11,3,7,1
2026-05-05 13:13:23,VHKQD00,,3,50,49,0,1
2026-05-05 13:13:23,VHKQD00,,4,71,56,13,2
2026-05-05 13:13:23,VHKQD00,,5,26,13,8,5
2026-05-05 13:13:23,V8001H1,,0,1,1,0,0
2026-05-05 13:13:23,V8001H1,,1,22,13,4,5
2026-05-05 13:13:23,V8001H1,,2,43,28,4,11
2026-05-05 13:13:23,V8001H1,,3,46,23,4,19
2026-05-05 13:13:23,VU8EF20,,0,68,67,0,1
2026-05-05 13:13:23,VU8EF20,,1,47,41,2,4
2026-05-05 13:13:23,VU8EF20,,2,23,23,0,0
2026-05-05 13:13:23,VU8EF20,,3,23,18,0,5
2026-05-05 13:13:23,VU8EF20,,4,88,46,0,42
2026-05-05 13:13:23,VHKPV60,,0,15,10,4,1
2026-05-05 13:13:23,VHKPV60,,1,15,13,1,1
2026-05-05 13:13:23,VHKPV60,,2,29,25,3,1
2026-05-05 13:13:23,VHKPV60,,3,13,9,3,1
2026-05-05 13:13:23,VHKPV60,,4,0,0,0,0
2026-05-05 13:13:23,VHKPV60,,5,0,0,0,0
2026-05-05 13:13:23,VP5QG20,,0,13,12,1,0
2026-05-05 13:13:23,VP5QG20,,1,27,24,1,2
2026-05-05 13:13:23,VP5QG20,,2,40,20,20,0
2026-05-05 13:13:23,VP5QG20,,3,17,10,7,0
2026-05-05 13:13:23,VP5QG20,,4,54,29,24,1
2026-05-05 13:13:23,VP5QG20,,5,37,22,11,4
2026-05-05 13:13:23,VIWRJ00,,0,8,7,1,0
2026-05-05 13:13:23,VIWRJ00,,1,19,12,7,0
2026-05-05 13:13:23,VIWRJ00,,2,8,3,5,0
2026-05-05 13:13:23,VIWRJ00,,3,5,5,0,0
2026-05-05 13:13:23,VIWRJ00,,4,40,34,3,3
2026-05-05 13:13:23,VIWRJ00,,5,18,8,3,7
2026-05-05 13:13:23,VYSIB20,,0,17,9,7,1
2026-05-05 13:13:23,VYSIB20,,1,12,5,6,1
2026-05-05 13:13:23,VTARZ40,,0,16,10,4,2
2026-05-05 13:13:23,VTARZ40,,1,10,5,5,0
2026-05-05 13:13:23,V9060A0,,0,9,8,0,1
2026-05-05 13:13:23,V9060A0,,1,46,19,25,2
2026-05-05 13:13:23,V9060A0,,2,24,22,0,2
2026-05-05 13:13:23,VP8QY00,,0,27,21,2,4
2026-05-05 13:13:23,VP8QY00,,1,27,14,9,4
2026-05-05 13:13:23,V4210D0,,0,55,31,18,6
2026-05-05 13:13:23,V4210D0,,1,64,53,8,3
2026-05-05 13:13:23,V4210D0,,2,16,15,0,1
2026-05-05 13:13:23,V3320G0,,0,38,36,1,1
2026-05-05 13:13:23,V3320G0,,1,30,29,0,1
2026-05-05 13:13:23,V3320G0,,2,24,24,0,0
2026-05-05 13:13:23,V3320G0,,3,23,19,0,4
2026-05-05 13:13:23,VKAHN20,,0,46,38,4,4
2026-05-05 13:13:23,VKAHN20,,1,15,9,2,4
2026-05-05 13:13:23,VKAHN20,,2,15,9,0,6
2026-05-05 13:13:23,VKAHN20,,3,39,33,1,5
2026-05-05 13:13:23,VKAHN20,,4,38,32,1,5
2026-05-05 13:13:23,VKAHN20,,5,32,23,3,6
2026-05-05 13:13:23,V50C2A0,,0,14,9,3,2
2026-05-05 13:13:23,VVCGQ40,,0,14,13,0,1
2026-05-05 13:13:23,VVCGQ40,,1,72,39,33,0
2026-05-05 13:13:23,VVCGQ40,,2,39,26,9,4
2026-05-05 13:13:23,VVCGQ40,,3,67,18,42,7
2026-05-05 13:13:23,VEFMN60,,0,31,22,9,0
2026-05-05 13:13:23,VEFMN60,,1,23,17,6,0
2026-05-05 13:13:23,VEFMN60,,2,32,13,18,1
2026-05-05 13:13:23,VEFMN60,,3,28,12,15,1
2026-05-05 13:13:23,VEFMN60,,4,0,0,0,0
2026-05-05 13:13:23,VEFMN60,,5,0,0,0,0
2026-05-05 13:13:23,VKII640,,0,17,10,7,0
2026-05-05 13:13:23,VKII640,,1,18,15,3,0
2026-05-05 13:13:23,VKII640,,2,3,3,0,0
2026-05-05 13:13:23,VKII640,,3,31,29,1,1
2026-05-05 13:13:23,VKII640,,4,26,20,6,0
2026-05-05 13:13:23,VKWNV20,,0,39,25,12,2
2026-05-05 13:13:23,VKWNV20,,1,13,4,4,5
2026-05-05 13:13:23,VKWNV20,,2,27,19,7,1
2026-05-05 13:13:23,VKWNV20,,3,20,16,0,4
2026-05-05 13:13:23,VK7K820,,0,27,15,1,11
2026-05-05 13:13:23,VK7K820,,1,26,17,0,9
2026-05-05 13:13:23,VK7K820,,2,16,8,6,2
2026-05-05 13:13:23,VK7K820,,3,7,7,0,0
2026-05-05 13:13:23,VJGMT20,,0,6,6,0,0
2026-05-05 13:13:23,VJGMT20,,1,38,36,0,2
2026-05-05 13:13:23,VJGMT20,,2,54,42,11,1
2026-05-05 13:13:23,VJGMT20,,3,33,30,0,3
2026-05-05 13:13:23,VJGMT20,,4,39,13,19,7
2026-05-05 13:13:23,VJGMT20,,5,43,22,18,3
2026-05-05 13:13:23,VDTJT00,,0,12,7,5,0
2026-05-05 13:13:23,VDTJT00,,2,0,0,0,0
2026-05-05 13:13:23,VDTJT00,,1,2,0,2,0
2026-05-05 13:13:23,VSPRA40,,0,28,24,0,4
2026-05-05 13:13:23,VSPRA40,,1,5,2,2,1
2026-05-05 13:13:23,VSPRA40,,2,18,4,0,14
2026-05-05 13:13:23,VSPRA40,,3,7,5,0,2
2026-05-05 13:13:23,VSPRA40,,4,9,8,0,1
2026-05-05 13:13:23,VQEJF20,,0,22,20,1,1
2026-05-05 13:13:23,VQEJF20,,1,45,32,4,9
2026-05-05 13:13:23,VQEJF20,,2,11,7,4,0
2026-05-05 13:13:23,VQEJF20,,3,29,23,3,3
2026-05-05 13:13:23,VJGN760,,0,36,36,0,0
2026-05-05 13:13:23,VJGN760,,1,31,20,5,6
2026-05-05 13:13:23,VJGN760,,2,24,18,3,3
2026-05-05 13:13:23,VJGN760,,3,5,2,2,1
2026-05-05 13:13:23,VHLM800,,0,9,6,0,3
2026-05-05 13:13:23,VHLM800,,1,29,20,5,4
2026-05-05 13:13:23,VHLM800,,2,33,28,4,1
2026-05-05 13:13:23,VHLM800,,3,12,6,2,4
2026-05-05 13:13:23,VHLM800,,4,37,27,5,5
2026-05-05 13:13:23,VHLM800,,5,30,13,13,4
2026-05-05 13:13:23,VYSIB00,,0,23,21,2,0
2026-05-05 13:13:23,VYSIB00,,1,63,49,12,2
2026-05-05 13:13:23,VYSIB00,,2,19,11,8,0
2026-05-05 13:13:23,VT5QV00,,0,42,31,1,10
2026-05-05 13:13:23,VT5QV00,,1,26,20,2,4
2026-05-05 13:13:23,VT5QV00,,2,21,11,8,2
2026-05-05 13:13:23,VT5QV00,,3,34,25,6,3
2026-05-05 13:13:23,V52C0E0,,0,82,76,1,5
2026-05-05 13:13:23,V52C0E0,,1,57,53,1,3
2026-05-05 13:13:23,VNF3G20,,0,33,29,0,4
2026-05-05 13:13:23,VNF3G20,,1,35,28,4,3
2026-05-05 13:13:23,VQBUL20,,0,7,5,0,2
2026-05-05 13:13:23,VQBUL20,,1,5,2,0,3
2026-05-05 13:13:23,VQBUL20,,2,11,4,5,2
2026-05-05 13:13:23,VQBUL20,,3,13,0,13,0
2026-05-05 13:13:23,VQBUL20,,4,10,10,0,0
2026-05-05 13:13:23,VQBUL20,,5,33,28,2,3
2026-05-05 13:13:23,VQBUL20,,6,10,0,8,2
2026-05-05 13:13:23,VUVHL40,,0,22,22,0,0
2026-05-05 13:13:23,VUVHL40,,1,24,23,1,0
2026-05-05 13:13:23,VUVHL40,,2,42,34,7,1
2026-05-05 13:13:23,V4261E0,,0,29,28,0,1
2026-05-05 13:13:23,VLGGYA0,,0,23,18,1,4
2026-05-05 13:13:23,VGBBW61,,0,25,23,2,0
2026-05-05 13:13:23,VGBBW61,,1,31,31,0,0
2026-05-05 13:13:23,VGBBW60,,0,24,19,5,0
2026-05-05 13:13:23,VGBBW60,,1,6,5,1,0
2026-05-05 13:13:23,VGBBW60,,2,13,9,2,2
2026-05-05 13:13:23,VGBBW60,,4,1,1,0,0
2026-05-05 13:13:23,VGBBW60,,5,0,0,0,0
2026-05-05 13:13:23,V1221E0,,0,44,37,0,7
2026-05-05 13:13:23,VILPI20,,0,2,0,0,2
2026-05-05 13:13:23,VILPI20,,1,12,2,5,5
2026-05-05 13:13:23,VILPI20,,2,9,1,7,1
2026-05-05 13:13:23,VILPI20,,3,30,20,8,2
2026-05-05 13:13:23,VSNRE00,,0,28,21,5,2
2026-05-05 13:13:23,VSNRE00,,1,6,1,5,0
2026-05-05 13:13:23,VSNRE00,,2,17,6,11,0
2026-05-05 13:13:23,VSNRE00,,3,33,27,6,0
2026-05-05 13:13:23,VLEWX20,,0,27,21,2,4
2026-05-05 13:13:23,VLEWX20,,1,45,30,9,6
2026-05-05 13:13:23,VLEWX20,,2,13,7,3,3
2026-05-05 13:13:23,VLEWX20,,3,24,13,11,0
2026-05-05 13:13:23,VLEWX20,,4,28,22,0,6
2026-05-05 13:13:23,VLEWX20,,5,43,29,0,14
2026-05-05 13:13:23,V1010A0,,0,72,43,26,3
2026-05-05 13:13:23,V1010A0,,1,80,58,22,0
2026-05-05 13:13:23,V1010A0,,2,91,58,26,7
2026-05-05 13:13:23,VFTLH60,,0,11,6,5,0
2026-05-05 13:13:23,VFTLH60,,1,40,22,13,5
2026-05-05 13:13:23,VFTLH60,,2,26,13,10,3
2026-05-05 13:13:23,VFTLH60,,3,11,10,0,1
2026-05-05 13:13:23,VFTLH60,,4,33,19,4,10
2026-05-05 13:13:23,VFTLH60,,5,44,13,18,13
2026-05-05 13:13:23,VIPIZ61,,0,37,36,1,0
2026-05-05 13:13:23,VIPIZ61,,1,52,46,6,0
2026-05-05 13:13:23,VIPIZ61,,2,13,10,2,1
2026-05-05 13:13:23,VIPIZ61,,3,23,21,2,0
2026-05-05 13:13:23,VIPIZ61,,4,53,0,1,52
2026-05-05 13:13:23,VIPIZ61,,5,36,0,12,24
2026-05-05 13:13:23,VSPRA60,,0,15,6,7,2
2026-05-05 13:13:23,VSPRA60,,1,29,9,17,3
2026-05-05 13:13:23,VIPIZ60,,0,15,15,0,0
2026-05-05 13:13:23,VIPIZ60,,1,18,18,0,0
2026-05-05 13:13:23,VIPIZ60,,2,1,0,0,1
2026-05-05 13:13:23,VIPIZ60,,3,1,0,0,1
2026-05-05 13:13:23,VIPIZ60,,4,0,0,0,0
2026-05-05 13:13:23,VRPSV00,,0,21,17,0,4
2026-05-05 13:13:23,VRPSV00,,1,38,34,0,4
2026-05-05 13:13:23,VRPSV00,,2,25,24,0,1
2026-05-05 13:13:23,VRPSV00,,3,19,18,0,1
2026-05-05 13:13:23,VRPSV00,,4,16,11,1,4
2026-05-05 13:13:23,VRPSV00,,5,22,20,0,2
2026-05-05 13:13:23,V0150C0,,0,134,129,2,3
2026-05-05 13:13:23,V0150C0,,1,92,87,1,4
2026-05-05 13:13:23,V0150C0,,2,102,91,0,11
2026-05-05 13:13:23,VHMM620,,0,18,3,15,0
2026-05-05 13:13:23,VHMM620,,1,45,20,25,0
2026-05-05 13:13:23,VHMM620,,2,0,0,0,0
2026-05-05 13:13:23,VHMM620,,3,0,0,0,0
2026-05-05 13:13:23,VIWR760,,0,1,0,1,0
2026-05-05 13:13:23,VIWR760,,1,14,3,9,2
2026-05-05 13:13:23,VIWR760,,2,1,0,0,1
2026-05-05 13:13:23,VIWR760,,3,4,1,1,2
2026-05-05 13:13:23,VIWR760,,4,4,1,0,3
2026-05-05 13:13:23,VIWR760,,5,11,3,6,2
2026-05-05 13:13:23,V5080A0,,0,40,40,0,0
2026-05-05 13:13:23,V5080A0,,1,63,63,0,0
2026-05-05 13:13:23,VJWJ740,182334379#0,0,10,10,0,0
2026-05-05 13:13:23,VJWJ740,182334379#0,1,23,22,1,0
2026-05-05 13:13:23,VJWJ740,182334379#0,2,2,1,1,0
2026-05-05 13:13:23,VJWJ740,182334379#0,3,28,16,12,0
2026-05-05 13:13:23,VJWJ740,182334379#0,4,0,0,0,0
2026-05-05 13:13:23,VJWJ740,182334379#0,5,0,0,0,0
2026-05-05 13:13:23,V0150C2,,0,98,94,2,2
2026-05-05 13:13:23,V0150C2,,1,131,114,10,7
2026-05-05 13:13:23,V0150C2,,2,113,109,0,4
2026-05-05 13:13:23,V0150C1,,0,95,91,2,2
2026-05-05 13:13:23,V0150C1,,1,116,83,28,5
2026-05-05 13:13:23,V0150C1,,2,107,93,12,2
2026-05-05 13:13:23,VJERC50,,0,27,17,6,4
2026-05-05 13:13:23,VJERC50,,1,57,46,7,4
2026-05-05 13:13:23,VRHT600,,0,28,20,4,4
2026-05-05 13:13:23,VRHT600,,1,55,44,2,9
2026-05-05 13:13:23,VRHT600,,2,23,13,0,10
2026-05-05 13:13:23,VRHT600,,3,26,21,0,5
2026-05-05 13:13:23,VRHT600,,4,48,38,0,10
2026-05-05 13:13:23,VRHT600,,5,30,26,0,4
2026-05-05 13:13:23,VJERC51,,0,25,25,0,0
2026-05-05 13:13:23,VJERC51,,1,61,53,1,7
2026-05-05 13:13:23,VJHKR40,,0,14,13,0,1
2026-05-05 13:13:23,VJHKR40,,1,38,23,14,1
2026-05-05 13:13:23,VJHKR40,,2,37,21,16,0
2026-05-05 13:13:23,VJGN720,,0,11,8,2,1
2026-05-05 13:13:23,VJGN720,,1,38,33,4,1
2026-05-05 13:13:23,VJGN720,,2,35,23,10,2
2026-05-05 13:13:23,VJGN720,,3,28,20,7,1
2026-05-05 13:13:23,VJGN720,,4,10,9,1,0
2026-05-05 13:13:23,VNZLJ40,,0,48,20,10,18
2026-05-05 13:13:23,VNZLJ40,,1,45,15,15,15
2026-05-05 13:13:23,VKJEP40,,0,23,12,11,0
2026-05-05 13:13:23,VKJEP40,,1,34,9,25,0
2026-05-05 13:13:23,VKESJ10,,0,32,30,2,0
2026-05-05 13:13:23,VKESJ10,,1,25,22,2,1
2026-05-05 13:13:23,VKESJ10,,2,26,21,5,0
2026-05-05 13:13:23,VKESJ10,,3,30,24,5,1
2026-05-05 13:13:23,V9040A0,,0,8,7,0,1
2026-05-05 13:13:23,V9040A0,,1,48,41,7,0
2026-05-05 13:13:23,V9040A0,,2,27,23,0,4
2026-05-05 13:13:23,VLKSH01,,0,77,70,1,6
2026-05-05 13:13:23,VLKSH01,,1,58,56,0,2
2026-05-05 13:13:23,VLKSH01,,2,91,84,2,5
2026-05-05 13:13:23,VLKSH01,,3,49,44,1,4
2026-05-05 13:13:23,V52C2E0,,0,36,33,0,3
2026-05-05 13:13:23,VMSV820,,0,15,11,3,1
2026-05-05 13:13:23,VMSV820,,1,11,5,6,0
2026-05-05 13:13:23,VMSV820,,2,11,7,4,0
2026-05-05 13:13:23,VMSV820,,3,23,14,9,0
2026-05-05 13:13:23,VMSV820,,4,10,4,6,0
2026-05-05 13:13:23,V1210E0,,0,86,77,1,8
2026-05-05 13:13:23,V1210E0,,1,91,83,1,7
2026-05-05 13:13:23,V4250B0,,0,75,74,0,1
2026-05-05 13:13:23,V4250B0,,1,114,105,5,4
2026-05-05 13:13:23,V4250B0,,2,38,2,36,0
2026-05-05 13:13:23,VKXET20,,0,15,7,2,6
2026-05-05 13:13:23,VKXET20,,1,20,18,0,2
2026-05-05 13:13:23,VKXET20,,2,18,15,1,2
2026-05-05 13:13:23,VKXET20,,3,17,14,3,0
2026-05-05 13:13:23,VKXET20,,4,27,17,7,3
2026-05-05 13:13:23,VYBIB00,,0,42,29,2,11
2026-05-05 13:13:23,VYBIB00,,1,49,24,2,23
2026-05-05 13:13:23,VYBIB00,,2,39,22,12,5
2026-05-05 13:13:23,VYBIB00,,3,66,49,8,9
2026-05-05 13:13:23,VV9GE20,,0,34,28,5,1
2026-05-05 13:13:23,VV9GE20,,1,34,28,6,0
2026-05-05 13:13:23,VV9GE20,,2,42,39,3,0
2026-05-05 13:13:23,VV9GE20,,3,47,37,10,0
2026-05-05 13:13:23,VV9GE20,,4,74,57,16,1
2026-05-05 13:13:23,V9260A0,,0,9,4,2,3
2026-05-05 13:13:23,V9260A0,,1,44,36,7,1
2026-05-05 13:13:23,V9260A0,,2,11,10,1,0
2026-05-05 13:13:23,VHMKV20,,0,16,15,0,1
2026-05-05 13:13:23,VHMKV20,,1,19,13,6,0
2026-05-05 13:13:23,VHMKV20,,2,17,10,7,0
2026-05-05 13:13:23,VHMKV20,,3,0,0,0,0
2026-05-05 13:13:23,VHMKV20,,4,0,0,0,0
2026-05-05 13:13:23,V1001B0,,0,72,57,5,10
2026-05-05 13:13:23,V1001B0,,1,91,77,10,4
2026-05-05 13:13:23,VFPMQ20,,0,15,13,0,2
2026-05-05 13:13:23,VFPMQ20,,1,50,39,0,11
2026-05-05 13:13:23,VQDLJ20,,0,103,17,85,1
2026-05-05 13:13:23,VQDLJ20,,1,24,17,4,3
2026-05-05 13:13:23,VQDLJ20,,2,63,7,55,1
2026-05-05 13:13:23,VQDLJ20,,3,28,9,8,11
2026-05-05 13:13:23,VVVGB40,,0,26,15,11,0
2026-05-05 13:13:23,VVVGB40,,1,32,27,3,2
2026-05-05 13:13:23,VVVGB40,,2,37,32,2,3
2026-05-05 13:13:23,VVVGB40,,3,52,50,0,2
2026-05-05 13:13:23,VVVGB40,,4,12,10,0,2
2026-05-05 13:13:23,VVVGB40,,5,46,36,1,9
2026-05-05 13:13:23,V12G2E0,,0,26,23,0,3
2026-05-05 13:13:23,V12G2E0,,1,33,29,3,1
2026-05-05 13:13:23,VL6RM20,,0,10,8,2,0
2026-05-05 13:13:23,VL6RM20,,1,12,7,3,2
2026-05-05 13:13:23,VL6RM20,,2,12,9,1,2
2026-05-05 13:13:23,V42K2C1,,0,8,8,0,0
2026-05-05 13:13:23,V5060B0,,0,26,24,1,1
2026-05-05 13:13:23,V5060B0,,1,83,69,13,1
2026-05-05 13:13:23,V42K2C0,,0,39,38,0,1
2026-05-05 13:13:23,VNXPC60,,0,12,9,3,0
2026-05-05 13:13:23,VNXPC60,,1,34,28,2,4
2026-05-05 13:13:23,VNXPC60,,2,25,20,1,4
2026-05-05 13:13:23,VSPRA20,,0,30,25,4,1
2026-05-05 13:13:23,VSPRA20,,1,44,37,7,0
2026-05-05 13:13:23,VV7GX00,,0,15,11,3,1
2026-05-05 13:13:23,VV7GX00,,1,21,21,0,0
2026-05-05 13:13:23,VV7GX00,,2,23,20,2,1
2026-05-05 13:13:23,VGIBX60,,0,9,5,2,2
2026-05-05 13:13:23,VGIBX60,,1,6,4,0,2
2026-05-05 13:13:23,VGIBX60,,2,2,1,0,1
2026-05-05 13:13:23,VGIBX60,,3,8,5,2,1
2026-05-05 13:13:23,VGIBX60,,4,29,7,15,7
2026-05-05 13:13:23,VGIBX60,,5,13,8,3,2
2026-05-05 13:13:23,V5062G0,,0,118,116,0,2
2026-05-05 13:13:23,VJGNY61,,0,27,22,5,0
2026-05-05 13:13:23,VJGNY61,,1,23,17,3,3
2026-05-05 13:13:23,VJGNY61,,2,17,15,2,0
2026-05-05 13:13:23,VJGNY61,,3,10,7,2,1
2026-05-05 13:13:23,VMQGX40,,0,23,13,5,5
2026-05-05 13:13:23,VMQGX40,,1,20,13,1,6
2026-05-05 13:13:23,VMQGX40,,2,38,22,15,1
2026-05-05 13:13:23,VMQGX40,,3,13,4,7,2
2026-05-05 13:13:23,VMQGX40,,4,19,10,6,3
2026-05-05 13:13:23,VMQGX40,,5,29,9,16,4
2026-05-05 13:13:23,V1001A0,,0,66,42,19,5
2026-05-05 13:13:23,V1001A0,,1,30,28,0,2
2026-05-05 13:13:23,VRFTM40,,0,24,12,10,2
2026-05-05 13:13:23,VRFTM40,,2,0,0,0,0
2026-05-05 13:13:23,VRFTM40,,1,12,11,1,0
2026-05-05 13:13:23,V6320G1,,0,42,42,0,0
2026-05-05 13:13:23,V6320G1,,1,41,41,0,0
2026-05-05 13:13:23,V6320G0,,0,62,54,7,1
2026-05-05 13:13:23,V6320G0,,1,33,32,0,1
2026-05-05 13:13:23,V03B0G0,,0,85,83,1,1
2026-05-05 13:13:23,V03B0G0,,1,112,111,0,1
2026-05-05 13:13:23,V03B0G0,,2,94,93,0,1
2026-05-05 13:13:23,VL7PX00,,0,30,25,4,1
2026-05-05 13:13:23,VL7PX00,,1,51,36,9,6
2026-05-05 13:13:23,VL7PX00,,2,27,10,15,2
2026-05-05 13:13:23,VL7PX00,,3,47,13,32,2
2026-05-05 13:13:23,V03C0G0,,0,117,104,11,2
2026-05-05 13:13:23,V03C0G0,,1,93,92,0,1
2026-05-05 13:13:23,VDKJT00,,0,24,9,15,0
2026-05-05 13:13:23,VDKJT00,,1,24,1,23,0
2026-05-05 13:13:23,VDKJT00,,2,21,11,9,1
2026-05-05 13:13:23,VDKJT00,,3,69,11,58,0
2026-05-05 13:13:23,VIME560,,0,10,5,0,5
2026-05-05 13:13:23,VIME560,,1,16,7,1,8
2026-05-05 13:13:23,VN7ST40,,0,21,10,5,6
2026-05-05 13:13:23,VN7ST40,,1,20,17,1,2
2026-05-05 13:13:23,VN7ST40,,2,30,25,2,3
2026-05-05 13:13:23,VNKIG00,,0,31,20,0,11
2026-05-05 13:13:23,VQEJY00,,0,3,2,0,1
2026-05-05 13:13:23,VQEJY00,,1,10,9,0,1
2026-05-05 13:13:23,VQEJY00,,2,39,33,1,5
2026-05-05 13:13:23,VQEJY00,,3,4,3,0,1
2026-05-05 13:13:23,VQEJY00,,4,15,10,0,5
2026-05-05 13:13:23,VSVI900,,0,31,29,0,2
2026-05-05 13:13:23,VSVI900,,1,23,21,0,2
2026-05-05 13:13:23,VJERC01,,0,13,9,4,0
2026-05-05 13:13:23,VJERC01,,1,32,25,5,2
2026-05-05 13:13:23,VJERC01,,2,18,16,1,1
2026-05-05 13:13:23,VJERC01,,3,11,1,10,0
2026-05-05 13:13:23,VJERC01,,4,12,8,3,1
2026-05-05 13:13:23,VJERC00,,0,4,3,0,1
2026-05-05 13:13:23,VJERC00,,1,28,28,0,0
2026-05-05 13:13:23,VKSIE60,,0,39,32,7,0
2026-05-05 13:13:23,VKSIE60,,1,58,26,29,3
2026-05-05 13:13:23,VHM3N40,,0,5,4,0,1
2026-05-05 13:13:23,VTXQL00,,0,6,1,2,3
2026-05-05 13:13:23,VTXQL00,,1,16,1,10,5
2026-05-05 13:13:23,VJPEI40,,0,22,9,2,11
2026-05-05 13:13:23,VJPEI40,,1,26,12,7,7
2026-05-05 13:13:23,V03C0G1,,0,115,103,10,2
2026-05-05 13:13:23,V03C0G1,,1,117,95,20,2
2026-05-05 13:13:23,V4HIR60,,0,27,14,12,1
2026-05-05 13:13:23,V4HIR60,,1,40,28,10,2
2026-05-05 13:13:23,VFVKW40,,0,47,31,13,3
2026-05-05 13:13:23,VFVKW40,,1,46,31,11,4
2026-05-05 13:13:23,V4050G0,,0,20,15,0,5
2026-05-05 13:13:23,V4050G0,,1,34,32,0,2
2026-05-05 13:13:23,VVYIV00,,0,33,21,7,5
2026-05-05 13:13:23,VVYIV00,,1,31,17,13,1
2026-05-05 13:13:23,VVYIV00,,2,59,42,3,14
2026-05-05 13:13:23,VVYIV00,,3,53,28,1,24
2026-05-05 13:13:23,V10C0A0,,0,106,92,11,3
2026-05-05 13:13:23,V10C0A0,,1,116,101,12,3
2026-05-05 13:13:23,V10C0A0,,2,99,95,0,4
2026-05-05 13:13:23,VJTJ960,,0,11,5,5,1
2026-05-05 13:13:23,VJTJ960,,1,22,11,9,2
2026-05-05 13:13:23,VJTJ960,,2,28,14,6,8
2026-05-05 13:13:23,VJTJ960,,3,21,9,9,3
2026-05-05 13:13:23,VL6IA60,,0,26,18,6,2
2026-05-05 13:13:23,VL6IA60,,1,22,9,11,2
2026-05-05 13:13:23,VL6IA60,,1,22,9,11,2
2026-05-05 13:13:23,VL6IA60,,2,24,23,1,0
2026-05-05 13:13:23,V2110C0,,0,75,69,3,3
2026-05-05 13:13:23,V2110C0,,1,85,83,0,2
2026-05-05 13:13:23,V6340G1,,0,53,42,0,11
2026-05-05 13:13:23,V6340G1,,1,67,67,0,0
2026-05-05 13:13:23,VF9KW60,,0,28,27,1,0
2026-05-05 13:13:23,VF9KW60,,1,40,38,1,1
2026-05-05 13:13:23,VF9KW60,,2,5,5,0,0
2026-05-05 13:13:23,VF9KW60,,3,31,30,1,0
2026-05-05 13:13:23,VF9KW60,,4,25,25,0,0
2026-05-05 13:13:23,VF9KW60,,5,22,22,0,0
2026-05-05 13:13:23,VFQM660,,0,44,17,19,8
2026-05-05 13:13:23,VFQM660,,1,32,20,11,1
2026-05-05 13:13:23,VJHKR21,,0,32,30,0,2
2026-05-05 13:13:23,VJHKR21,,1,50,40,7,3
2026-05-05 13:13:23,VJHKR21,,2,49,28,11,10
2026-05-05 13:13:23,VJHKR21,,3,17,15,0,2
2026-05-05 13:13:23,VJHKR21,,4,34,15,19,0
2026-05-05 13:13:23,VJHKR21,,5,39,23,15,1
2026-05-05 13:13:23,V52H2E0,,0,88,76,1,11
2026-05-05 13:13:23,VN2C0E1,,0,65,64,0,1
2026-05-05 13:13:23,VN2C0E1,,1,73,68,2,3
2026-05-05 13:13:23,VGKBM20,,0,22,18,4,0
2026-05-05 13:13:23,VGKBM20,,1,23,21,0,2
2026-05-05 13:13:23,VN2C0E0,,0,42,37,5,0
2026-05-05 13:13:23,VN2C0E2,,0,50,48,0,2
2026-05-05 13:13:23,VN2C0E2,,1,48,45,3,0
2026-05-05 13:13:23,V1NQM40,,0,13,10,1,2
2026-05-05 13:13:23,V1NQM40,,1,17,8,6,3
2026-05-05 13:13:23,V1NQM40,,2,22,17,4,1
2026-05-05 13:13:23,V1NQM40,,3,20,11,3,6
2026-05-05 13:13:23,VJGN700,,0,45,45,0,0
2026-05-05 13:13:23,VJGN700,,1,4,0,0,4
2026-05-05 13:13:23,VJGN700,,2,16,16,0,0
2026-05-05 13:13:23,VJGN700,,3,20,20,0,0
2026-05-05 13:13:23,VIAM700,,0,10,10,0,0
2026-05-05 13:13:23,VIAM700,,1,54,37,14,3
2026-05-05 13:13:23,VIAM700,,2,44,15,28,1
2026-05-05 13:13:23,VIAM700,,3,1,0,1,0
2026-05-05 13:13:23,VIAM700,,4,0,0,0,0
2026-05-05 13:13:23,VYLJ620,,0,3,3,0,0
2026-05-05 13:13:23,VYLJ620,,1,28,26,1,1
2026-05-05 13:13:23,VYLJ620,,2,22,19,0,3
2026-05-05 13:13:23,V6120C0,,0,112,98,0,14
2026-05-05 13:13:23,V6120C0,,1,80,72,2,6
2026-05-05 13:13:23,VJPEI60,,0,17,10,0,7
2026-05-05 13:13:23,VJPEI60,,1,37,30,0,7
2026-05-05 13:13:23,VJVRL00,,0,66,64,2,0
2026-05-05 13:13:23,VJVRL00,,1,59,43,13,3
2026-05-05 13:13:23,VJVRL00,,2,30,20,8,2
2026-05-05 13:13:23,VPLKP40,,0,36,30,0,6
2026-05-05 13:13:23,VPLKP40,,1,38,29,2,7
2026-05-05 13:13:23,VN0A0E0,,0,29,28,0,1
2026-05-05 13:13:23,VN0A0E0,,1,43,34,2,7
2026-05-05 13:13:23,V10E2A0,,0,78,72,5,1
2026-05-05 13:13:23,VX7FU40,,0,3,3,0,0
2026-05-05 13:13:23,VX7FU40,,1,35,32,2,1
2026-05-05 13:13:23,VX7FU40,,2,33,31,1,1
2026-05-05 13:13:23,VX7FU40,,3,23,20,3,0
2026-05-05 13:13:23,VJERC40,,0,47,45,0,2
2026-05-05 13:13:23,VJERC40,,1,51,44,5,2
2026-05-05 13:13:23,V7HMH00,,0,24,19,4,1
2026-05-05 13:13:23,VT8SZ60,,0,6,5,1,0
2026-05-05 13:13:23,VT8SZ60,,1,32,28,2,2
2026-05-05 13:13:23,VJFQQ60,,0,20,11,5,4
2026-05-05 13:13:23,VJFQQ60,,1,38,35,2,1
2026-05-05 13:13:23,VJFQQ60,,2,37,30,4,3
2026-05-05 13:13:23,VJFQQ60,,3,57,11,41,5
2026-05-05 13:13:23,VJFQQ60,,4,29,15,5,9
2026-05-05 13:13:23,VJFQQ60,,5,50,23,20,7
2026-05-05 13:13:23,VJGNY20,,0,6,6,0,0
2026-05-05 13:13:23,VJGNY20,,1,34,34,0,0
2026-05-05 13:13:23,VJGNY20,,2,40,29,9,2
2026-05-05 13:13:23,VJGNY20,,3,46,25,16,5
2026-05-05 13:13:23,VJGNY20,,4,12,2,10,0
2026-05-05 13:13:23,VJVRL10,,0,83,76,6,1
2026-05-05 13:13:23,VJVRL10,,1,20,18,1,1
2026-05-05 13:13:23,VAGPE40,,0,31,29,2,0
2026-05-05 13:13:23,VAGPE40,,1,47,36,10,1
2026-05-05 13:13:23,VKP4L00,,0,16,15,1,0
2026-05-05 13:13:23,VLMG600,,0,21,13,0,8
2026-05-05 13:13:23,VLMG600,,1,40,32,2,6
2026-05-05 13:13:23,VLMG600,,2,36,10,24,2
2026-05-05 13:13:23,VN2E0E0,,0,43,40,1,2
2026-05-05 13:13:23,VN2E0E0,,1,37,36,0,1
2026-05-05 13:13:23,VEFMN20,,0,13,6,7,0
2026-05-05 13:13:23,VEFMN20,,1,60,31,23,6
2026-05-05 13:13:23,VF9M500,,0,46,36,6,4
2026-05-05 13:13:23,VF9M500,,1,50,39,9,2
2026-05-05 13:13:23,V2130C0,,0,65,64,1,0
2026-05-05 13:13:23,V9010A0,,0,5,3,2,0
2026-05-05 13:13:23,V9010A0,,1,32,25,4,3
2026-05-05 13:13:23,V6140C0,,0,66,58,0,8
2026-05-05 13:13:23,V6140C0,,1,78,67,4,7
2026-05-05 13:13:23,V6140C1,,0,24,24,0,0
2026-05-05 13:13:23,V6140C1,,1,39,38,0,1
2026-05-05 13:13:23,V12E2E0,,0,55,50,1,4
2026-05-05 13:13:23,V42B0D0,,0,55,54,0,1
2026-05-05 13:13:23,V42B0D0,,1,2,1,0,1
2026-05-05 13:13:23,VPJFZ00,,0,8,1,0,7
2026-05-05 13:13:23,VPJFZ00,,1,11,11,0,0
2026-05-05 13:13:23,VPJFZ00,,2,19,18,0,1
2026-05-05 13:13:23,VPJFZ00,,3,9,5,0,4
2026-05-05 13:13:23,VPJFZ00,,4,23,21,1,1
2026-05-05 13:13:23,VPJFZ00,,5,41,31,7,3
2026-05-05 13:13:23,VW7HN20,,0,0,0,0,0
2026-05-05 13:13:23,VW7HN20,,1,3,3,0,0
2026-05-05 13:13:23,VW7HN20,,2,6,4,0,2
2026-05-05 13:13:23,VW7HN20,,3,10,7,0,3
2026-05-05 13:13:23,VW7HN20,,4,7,5,0,2
2026-05-05 13:13:23,VW7HN20,,5,0,0,0,0
2026-05-05 13:13:23,VJFQQ00,,0,9,5,3,1
2026-05-05 13:13:23,VJFQQ00,,1,3,2,1,0
2026-05-05 13:13:23,VJFQQ00,,2,11,7,0,4
2026-05-05 13:13:23,VJFQQ00,,3,17,11,3,3
2026-05-05 13:13:23,VSQVZ20,,0,8,8,0,0
2026-05-05 13:13:23,VSQVZ20,,1,34,33,0,1
2026-05-05 13:13:23,VK9KC60,,0,56,49,6,1
2026-05-05 13:13:23,VK9KC60,,1,50,37,1,12
2026-05-05 13:13:23,V1CPB00,,0,34,16,16,2
2026-05-05 13:13:23,V1CPB00,,1,36,7,21,8
2026-05-05 13:13:23,VF9KB00,,0,13,9,2,2
2026-05-05 13:13:23,VF9KB00,,1,31,15,15,1
2026-05-05 13:13:23,VF9KB00,,2,12,7,5,0
2026-05-05 13:13:23,VF9KB00,,3,7,3,4,0
2026-05-05 13:13:23,VF9KB00,,4,20,16,4,0
2026-05-05 13:13:23,VF9KB00,,5,37,18,17,2
2026-05-05 13:13:23,V6151C0,,0,29,27,0,2
2026-05-05 13:13:23,V6151C0,,1,17,14,0,3
2026-05-05 13:13:23,VINKW00,,0,15,15,0,0
2026-05-05 13:13:23,VINKW00,,1,24,14,10,0
2026-05-05 13:13:23,VINKW00,,2,5,5,0,0
2026-05-05 13:13:23,VEFMN40,,0,22,14,4,4
2026-05-05 13:13:23,VEFMN40,,1,37,16,15,6
2026-05-05 13:13:23,VEFMN40,,2,24,13,8,3
2026-05-05 13:13:23,V03E0G1,,0,117,102,15,0
2026-05-05 13:13:23,V03E0G1,,1,118,112,1,5
2026-05-05 13:13:23,VHDQ900,,0,72,70,2,0
2026-05-05 13:13:23,VHDQ900,,1,83,67,15,1
2026-05-05 13:13:23,VHDQ900,,2,37,13,21,3
2026-05-05 13:13:23,VHDQ900,,3,39,23,4,12
2026-05-05 13:13:23,VHDQ900,,4,58,28,4,26
2026-05-05 13:13:23,VHDQ900,,5,7,3,1,3
2026-05-05 13:13:23,V03E0G0,,0,141,98,38,5
2026-05-05 13:13:23,V03E0G0,,1,122,120,0,2
2026-05-05 13:13:23,VHDQ901,,0,49,44,1,4
2026-05-05 13:13:23,VHDQ901,,1,59,41,14,4
2026-05-05 13:13:23,VHDQ901,,2,34,18,16,0
2026-05-05 13:13:23,VHDQ901,,3,41,34,0,7
2026-05-05 13:13:23,VHDQ901,,4,55,43,6,6
2026-05-05 13:13:23,VHDQ901,,5,36,20,9,7
2026-05-05 13:13:23,V7JCE40,,0,6,6,0,0
2026-05-05 13:13:23,V7JCE40,,1,32,27,4,1
2026-05-05 13:13:23,V7JCE40,,2,31,20,10,1
2026-05-05 13:13:23,VHPEB20,,0,35,34,1,0
2026-05-05 13:13:23,VHPEB20,,1,44,39,3,2
2026-05-05 13:13:23,VHPEB20,,2,24,14,2,8
2026-05-05 13:13:23,VHPEB20,,3,46,5,39,2
2026-05-05 13:13:23,VHPEB20,,4,44,28,5,11
2026-05-05 13:13:23,VHPEB20,,5,46,21,16,9
2026-05-05 13:13:23,VIKPW61,,0,35,29,5,1
2026-05-05 13:13:23,VIKPW61,,1,2,1,1,0
2026-05-05 13:13:23,V1080A0,,0,75,66,2,7
2026-05-05 13:13:23,V1080A0,,1,55,49,3,3
2026-05-05 13:13:23,VF9KB20,,0,4,4,0,0
2026-05-05 13:13:23,VF9KB20,,1,13,8,3,2
2026-05-05 13:13:23,VLMR820,,0,8,7,1,0
2026-05-05 13:13:23,VLMR820,,1,19,15,1,3
2026-05-05 13:13:23,V4270C0,,0,103,102,0,1
2026-05-05 13:13:23,V4270C0,,1,56,48,0,8
2026-05-05 13:13:23,VM6GJ00,,0,14,9,5,0
2026-05-05 13:13:23,VM6GJ00,,1,24,21,0,3
2026-05-05 13:13:23,VM6GJ00,,2,32,6,24,2
2026-05-05 13:13:23,VM6GJ00,,3,14,9,2,3
2026-05-05 13:13:23,VM6GJ00,,4,0,0,0,0
2026-05-05 13:13:23,VGMFQ20,,0,8,8,0,0
2026-05-05 13:13:23,VGMFQ20,,1,41,28,10,3
2026-05-05 13:13:23,VGMFQ20,,2,16,8,8,0
2026-05-05 13:13:23,VGMFQ20,,3,38,20,17,1
2026-05-05 13:13:23,V2RTQ20,,0,4,1,0,3
2026-05-05 13:13:23,V2RTQ20,,1,14,14,0,0
2026-05-05 13:13:23,V2RTQ20,,2,17,13,0,4
2026-05-05 13:13:23,V2RTQ20,,3,12,8,4,0
2026-05-05 13:13:23,V58AH60,,0,42,39,2,1
2026-05-05 13:13:23,V58AH60,,1,47,45,0,2
2026-05-05 13:13:23,V58AH60,,2,32,23,0,9
2026-05-05 13:13:23,V9230A1,,0,19,13,0,6
2026-05-05 13:13:23,V9230A1,,1,45,31,0,14
2026-05-05 13:13:23,V9230A1,,2,20,12,0,8
2026-05-05 13:13:23,V2330G0,,0,45,37,7,1
2026-05-05 13:13:23,V2330G0,,1,11,8,3,0
2026-05-05 13:13:23,V2PK0E0,,0,45,41,4,0
2026-05-05 13:13:23,VKVHI20,,0,31,30,0,1
2026-05-05 13:13:23,VKVHI20,,1,124,27,96,1
2026-05-05 13:13:23,VSWMR40,,0,43,41,0,2
2026-05-05 13:13:23,VSWMR40,,1,29,24,2,3
2026-05-05 13:13:23,VSWMR40,,2,10,7,3,0
2026-05-05 13:13:23,VSWMR40,,3,20,16,0,4
2026-05-05 13:13:23,VMTG520,,0,36,18,2,16
2026-05-05 13:13:23,VMTG520,,1,32,29,2,1
2026-05-05 13:13:23,VN5HV00,,0,17,13,1,3
2026-05-05 13:13:23,VN5HV00,,1,11,5,6,0
2026-05-05 13:13:23,VN5HV00,,2,16,14,2,0
2026-05-05 13:13:23,VN5HV00,,3,15,13,1,1
2026-05-05 13:13:23,VGYER20,,0,14,11,0,3
2026-05-05 13:13:23,VGYER20,,1,2,1,0,1
2026-05-05 13:13:23,VGYER20,,2,7,3,1,3
2026-05-05 13:13:23,VGYER20,,3,16,13,3,0
2026-05-05 13:13:23,VM7FI60,,0,18,12,1,5
2026-05-05 13:13:23,VM7FI60,,1,18,7,5,6
2026-05-05 13:13:23,VM7FI60,,2,21,13,4,4
2026-05-05 13:13:23,VM7FI60,,3,28,12,15,1
2026-05-05 13:13:23,VHEPV00,,0,15,12,0,3
2026-05-05 13:13:23,VHEPV00,,1,13,5,6,2
2026-05-05 13:13:23,VN2A0E0,,0,85,75,7,3
2026-05-05 13:13:23,V4081G0,,0,4,1,1,2
2026-05-05 13:13:23,V4081G0,,1,5,4,0,1
2026-05-05 13:13:23,V3132C0,,0,25,21,4,0
2026-05-05 13:13:23,V3132C0,,1,19,18,1,0
2026-05-05 13:13:23,VL5GL60,,0,22,17,3,2
2026-05-05 13:13:23,VL5GL60,,1,76,27,47,2
2026-05-05 13:13:23,V1060A0,,0,81,63,2,16
2026-05-05 13:13:23,V1060A0,,1,76,66,1,9
2026-05-05 13:13:23,V1060A0,,2,81,73,2,6
2026-05-05 13:13:23,V52J2E0,,0,11,10,0,1
2026-05-05 13:13:23,VELJA00,,0,12,4,0,8
2026-05-05 13:13:23,VELJA00,,1,63,23,40,0
2026-05-05 13:13:23,VELJA00,,2,35,34,0,1
2026-05-05 13:13:23,VELJA00,,3,3,3,0,0
2026-05-05 13:13:23,VELJA00,,4,31,30,0,1
2026-05-05 13:13:23,VELJA00,,5,83,20,62,1
2026-05-05 13:13:23,VELJA00,,6,30,13,0,17
2026-05-05 13:13:23,VEWM500,,0,9,6,0,3
2026-05-05 13:13:23,VEWM500,,1,46,35,9,2
2026-05-05 13:13:23,VEWM500,,2,12,7,5,0
2026-05-05 13:13:23,VEWM500,,3,29,17,12,0
2026-05-05 13:13:23,VQV3P60,,0,13,4,9,0
2026-05-05 13:13:23,VQV3P60,,1,14,7,0,7
2026-05-05 13:13:23,VK6NY60,,0,67,43,24,0
2026-05-05 13:13:23,VK6NY60,,1,29,14,15,0
2026-05-05 13:13:23,VXPHL20,,0,15,13,2,0
2026-05-05 13:13:23,VXPHL20,,1,10,8,1,1
2026-05-05 13:13:23,VXPHL20,,2,8,6,1,1
2026-05-05 13:13:23,VXPHL20,,3,26,25,1,0
2026-05-05 13:13:23,VXPHL20,,4,10,8,1,1
2026-05-05 13:13:23,V0UVS20,,0,0,0,0,0
2026-05-05 13:13:23,V0UVS20,,1,3,3,0,0
2026-05-05 13:13:23,V1280E0,,0,68,63,4,1
2026-05-05 13:13:23,V1280E0,,1,86,83,1,2
2026-05-05 13:13:23,VI6NV00,,0,34,23,1,10
2026-05-05 13:13:23,VI6NV00,,1,6,0,0,6
2026-05-05 13:13:23,VI6NV00,,2,11,7,2,2
2026-05-05 13:13:23,VI6NV00,,3,21,13,5,3
2026-05-05 13:13:23,VMYN820,,0,18,10,6,2
2026-05-05 13:13:23,VMYN820,,1,23,19,2,2
2026-05-05 13:13:23,VMYN820,,2,28,21,0,7
2026-05-05 13:13:23,VMYN820,,3,45,9,36,0
2026-05-05 13:13:23,VMYN820,,4,28,19,7,2
2026-05-05 13:13:23,VMYN820,,5,35,20,13,2
2026-05-05 13:13:23,V2310G0,,0,91,87,4,0
2026-05-05 13:13:23,VKLGD20,,0,19,17,0,2
2026-05-05 13:13:23,VKLGD20,,1,21,17,1,3
2026-05-05 13:13:23,VKLGD20,,2,62,52,2,8
2026-05-05 13:13:23,VKLGD20,,3,37,34,1,2
2026-05-05 13:13:23,VKLGD20,,4,5,4,1,0
2026-05-05 13:13:23,VINKW40,,0,11,11,0,0
2026-05-05 13:13:23,VINKW40,,1,32,14,17,1
2026-05-05 13:13:23,VINKW40,,2,0,0,0,0
2026-05-05 13:13:23,VIPJA20,,0,22,22,0,0
2026-05-05 13:13:23,VIPJA20,,1,26,26,0,0
2026-05-05 13:13:23,VIPJA20,,2,2,1,0,1
2026-05-05 13:13:23,VIPJA20,,3,3,1,0,2
2026-05-05 13:13:23,V12C2E0,,0,72,58,9,5
2026-05-05 13:13:23,V12C2E0,,1,30,26,1,3
2026-05-05 13:13:23,VMLXB00,,0,30,26,0,4
2026-05-05 13:13:23,VMLXB00,,1,41,39,0,2
2026-05-05 13:13:23,VMLXB00,,2,8,5,1,2
2026-05-05 13:13:23,VMLXB00,,3,27,24,0,3
2026-05-05 13:13:23,VMLXB00,,4,55,39,2,14
2026-05-05 13:13:23,VMLXB00,,5,55,31,11,13
2026-05-05 13:13:23,VF9KB60,,0,9,8,1,0
2026-05-05 13:13:23,VF9KB60,,1,6,4,0,2
2026-05-05 13:13:23,VF9KB60,,2,23,13,10,0
2026-05-05 13:13:23,V9201A0,,0,33,29,2,2
2026-05-05 13:13:23,VP8GI20,,0,8,3,0,5
2026-05-05 13:13:23,VP8GI20,,1,60,45,13,2
2026-05-05 13:13:23,VP8GI20,,2,90,37,45,8
2026-05-05 13:13:23,V0112A0,,0,70,38,3,29
2026-05-05 13:13:23,VPMSV40,,0,26,18,5,3
2026-05-05 13:13:23,VPMSV40,,1,40,32,8,0
2026-05-05 13:13:23,VPMSV40,,2,48,42,2,4
2026-05-05 13:13:23,VPMSV40,,3,39,30,7,2
2026-05-05 13:13:23,VPMSV40,,4,27,12,7,8
2026-05-05 13:13:23,VPMSV40,,5,62,38,8,16
2026-05-05 13:13:23,VPMSV40,,6,58,23,4,31
2026-05-05 13:13:23,V2321G0,,0,24,21,0,3
2026-05-05 13:13:23,V8260E0,,0,21,16,4,1
2026-05-05 13:13:23,V8260E0,,1,48,35,8,5
2026-05-05 13:13:23,V8260E0,,2,64,46,12,6
2026-05-05 13:13:23,V8260E0,,3,36,31,3,2
2026-05-05 13:13:23,VSEMA00,,0,5,5,0,0
2026-05-05 13:13:23,VSEMA00,,1,12,12,0,0
2026-05-05 13:13:23,VSEMA00,,2,24,23,0,1
2026-05-05 13:13:23,VSEMA00,,3,5,4,0,1
2026-05-05 13:13:23,VSEMA00,,4,25,19,0,6
2026-05-05 13:13:23,VSEMA00,,5,24,15,7,2
2026-05-05 13:13:23,V3330G0,,0,38,33,2,3
2026-05-05 13:13:23,V3330G0,,1,25,22,2,1
2026-05-05 13:13:23,VJ7KV40,,0,8,8,0,0
2026-05-05 13:13:23,VJ7KV40,,1,63,35,28,0
2026-05-05 13:13:23,V4070G0,,0,20,17,2,1
2026-05-05 13:13:23,V4070G0,,1,24,20,1,3
2026-05-05 13:13:23,VFYKD40,,0,3,2,0,1
2026-05-05 13:13:23,VFYKD40,,1,6,4,1,1
2026-05-05 13:13:23,VFYKD40,,2,11,6,3,2
2026-05-05 13:13:23,VFYKD40,,3,12,2,9,1
2026-05-05 13:13:23,VFYKD40,,4,20,9,6,5
2026-05-05 13:13:23,VFYKD40,,5,19,2,12,5
2026-05-05 13:13:23,VFYKD41,,0,18,18,0,0
2026-05-05 13:13:23,VFYKD41,,1,4,4,0,0
2026-05-05 13:13:23,VFYKD41,,2,13,13,0,0
2026-05-05 13:13:23,VFYKD41,,3,1,0,0,1
2026-05-05 13:13:23,VFYKD41,,4,0,0,0,0
2026-05-05 13:13:23,VXWNW20,,0,14,9,4,1
2026-05-05 13:13:23,VXWNW20,,1,17,13,4,0
2026-05-05 13:13:23,VSRT620,,0,0,0,0,0
2026-05-05 13:13:23,VSRT620,,1,40,29,4,7
2026-05-05 13:13:23,V6360G1,,0,72,70,0,2
2026-05-05 13:13:23,V6360G1,,1,92,89,0,3
2026-05-05 13:13:23,VHEPV40,,0,13,9,4,0
2026-05-05 13:13:23,VHEPV40,,1,28,21,7,0
2026-05-05 13:13:23,V6360G0,,0,110,105,0,5
2026-05-05 13:13:23,V6360G0,,1,46,44,0,2
2026-05-05 13:13:23,VLXZ720,,0,3,0,3,0
2026-05-05 13:13:23,VLXZ720,,1,12,6,6,0
2026-05-05 13:13:23,VLXZ720,,2,9,6,3,0
2026-05-05 13:13:23,VLXZ720,,3,14,11,3,0
2026-05-05 13:13:23,VLXZ720,,4,17,5,11,1
2026-05-05 13:13:23,VT9FV00,,0,16,16,0,0
2026-05-05 13:13:23,VT9FV00,,1,17,13,0,4
2026-05-05 13:13:23,VT9FV00,,2,55,30,0,25
2026-05-05 13:13:23,VT9FV00,,3,27,20,0,7
2026-05-05 13:13:23,VEGCQ01,,0,14,12,1,1
2026-05-05 13:13:23,VEGCQ01,,1,24,14,6,4
2026-05-05 13:13:23,VEGCQ01,,2,26,6,19,1
2026-05-05 13:13:23,VP8GX00,,0,9,4,2,3
2026-05-05 13:13:23,VP8GX00,,1,15,15,0,0
2026-05-05 13:13:23,VP8GX00,,2,29,24,4,1
2026-05-05 13:13:23,VP8GX00,,3,9,4,5,0
2026-05-05 13:13:23,VP8GX00,,4,39,21,16,2
2026-05-05 13:13:23,VP8GX00,,5,42,14,23,5
2026-05-05 13:13:23,VEZPT20,,0,14,7,4,3
2026-05-05 13:13:23,VEZPT20,,1,34,15,13,6
2026-05-05 13:13:23,VINKW20,,0,16,12,1,3
2026-05-05 13:13:23,VINKW20,,1,25,19,0,6
2026-05-05 13:13:23,VINKW20,,2,1,0,0,1
2026-05-05 13:13:23,VINKW20,,3,5,0,0,5
2026-05-05 13:13:23,V42F2E0,,0,21,19,1,1
2026-05-05 13:13:23,VMBWS20,,0,17,8,1,8
2026-05-05 13:13:23,VMBWS20,,1,15,11,4,0
2026-05-05 13:13:23,VMBWS20,,2,14,10,4,0
2026-05-05 13:13:23,VMBWS20,,3,15,11,0,4
2026-05-05 13:13:23,VIQDB00,,0,27,14,0,13
2026-05-05 13:13:23,VIQDB00,,1,27,19,1,7
2026-05-05 13:13:23,VJSJD40,,0,21,16,1,4
2026-05-05 13:13:23,VJSJD40,,1,42,29,9,4
2026-05-05 13:13:23,VJSJD40,,2,14,11,0,3
2026-05-05 13:13:23,VJSJD40,,3,89,9,80,0
2026-05-05 13:13:23,VJSJD40,,4,44,0,1,43
2026-05-05 13:13:23,VJSJD40,,5,36,0,24,12
2026-05-05 13:13:23,VHFHU00,,0,1,1,0,0
2026-05-05 13:13:23,VHFHU00,,1,11,9,1,1
2026-05-05 13:13:23,VHFHU00,,2,21,18,0,3
2026-05-05 13:13:23,VQRTE00,,0,32,31,1,0
2026-05-05 13:13:23,VQRTE00,,1,47,42,5,0
2026-05-05 13:13:23,VQRTE00,,2,12,5,6,1
2026-05-05 13:13:23,VQRTE00,,3,1,1,0,0
2026-05-05 13:13:23,VQRTE00,,4,14,13,0,1
2026-05-05 13:13:23,VQRTE00,,5,33,32,0,1
2026-05-05 13:13:23,V1051A1,,0,53,50,0,3
2026-05-05 13:13:23,VIBHV20,,0,4,1,0,3
2026-05-05 13:13:23,VIBHV20,,1,1,0,0,1
2026-05-05 13:13:23,VIBHV20,,2,2,1,0,1
2026-05-05 13:13:23,VIBHV20,,3,9,1,0,8
2026-05-05 13:13:23,VFYKD00,,0,10,10,0,0
2026-05-05 13:13:23,VFYKD00,,1,8,8,0,0
2026-05-05 13:13:23,VFYKD00,,2,19,19,0,0
2026-05-05 13:13:23,VFYKD00,,3,1,0,0,1
2026-05-05 13:13:23,VSJJX20,,0,54,39,0,15
2026-05-05 13:13:23,VSJJX20,,1,45,30,1,14
2026-05-05 13:13:23,VSJJX20,,2,25,22,0,3
2026-05-05 13:13:23,VSJJX20,,3,58,52,5,1
2026-05-05 13:13:23,VNKIG40,,0,23,16,0,7
2026-05-05 13:13:23,VSEMV60,,0,35,33,0,2
2026-05-05 13:13:23,VSEMV60,,1,38,29,8,1
2026-05-05 13:13:23,VSEMV60,,2,34,22,11,1
2026-05-05 13:13:23,VSEMV60,,3,57,44,11,2
2026-05-05 13:13:23,VSQYA00,,0,30,13,15,2
2026-05-05 13:13:23,VSQYA00,,1,28,16,11,1
2026-05-05 13:13:23,V1040A0,,0,81,67,8,6
2026-05-05 13:13:23,V1040A0,,1,111,89,16,6
2026-05-05 13:13:23,V1040A0,,2,63,52,7,4
2026-05-05 13:13:23,VMQMV00,,0,15,14,0,1
2026-05-05 13:13:23,VMQMV00,,1,40,31,1,8
2026-05-05 13:13:23,VMQMV00,,2,27,17,0,10
2026-05-05 13:13:23,VMQMV00,,3,8,0,0,8
2026-05-05 13:13:23,VMQMV00,,4,34,25,9,0
2026-05-05 13:13:23,VMQMV00,,5,35,28,4,3
2026-05-05 13:13:23,VMQMV00,,6,0,0,0,0
2026-05-05 13:13:23,VK7KP40,,0,25,24,1,0
2026-05-05 13:13:23,VK7KP40,,1,19,17,2,0
2026-05-05 13:13:23,VLFEW20,,0,67,46,0,21
2026-05-05 13:13:23,V1TT960,,0,24,20,0,4
2026-05-05 13:13:23,V1TT960,,1,15,9,0,6
2026-05-05 13:13:23,V1TT960,,2,20,14,0,6
2026-05-05 13:13:23,V1TT960,,3,11,4,0,7
2026-05-05 13:13:23,VP8GI60,,0,3,2,0,1
2026-05-05 13:13:23,VP8GI60,,1,48,38,6,4
2026-05-05 13:13:23,VP8GI60,,2,43,23,18,2
2026-05-05 13:13:23,VP8GI60,,3,51,12,38,1
2026-05-05 13:13:23,VEWM560,,0,15,12,0,3
2026-05-05 13:13:23,VEWM560,,1,27,18,7,2
2026-05-05 13:13:23,V6160C1,,0,80,70,1,9
2026-05-05 13:13:23,V6160C1,,1,70,67,0,3
2026-05-05 13:13:23,V6160C0,,0,64,54,1,9
2026-05-05 13:13:23,V6160C0,,1,59,59,0,0
2026-05-05 13:13:23,V6160C3,,0,65,60,4,1
2026-05-05 13:13:23,V6160C3,,1,50,49,0,1
2026-05-05 13:13:23,V6160C2,,0,74,70,2,2
2026-05-05 13:13:23,V6160C2,,1,51,51,0,0
2026-05-05 13:13:23,V6160C5,,0,59,51,6,2
2026-05-05 13:13:23,V6160C5,,1,52,51,0,1
2026-05-05 13:13:23,V6160C4,,0,62,59,0,3
2026-05-05 13:13:23,V6160C4,,1,52,51,0,1
2026-05-05 13:13:23,V6160C7,,0,70,67,1,2
2026-05-05 13:13:23,V6160C7,,1,37,32,1,4
2026-05-05 13:13:23,V6160C6,,0,58,49,3,6
2026-05-05 13:13:23,V6160C6,,1,58,57,0,1
2026-05-05 13:13:23,VRNIF40,,0,82,75,5,2
2026-05-05 13:13:23,VRNIF40,,1,84,75,7,2
2026-05-05 13:13:23,VRNIF40,,2,28,27,0,1
2026-05-05 13:13:23,VRNIF40,,3,31,15,15,1
2026-05-05 13:13:23,VZLKH60,,0,15,13,0,2
2026-05-05 13:13:23,VZLKH60,,1,18,13,0,5
2026-05-05 13:13:23,VLGGY60,,0,36,31,0,5
2026-05-05 13:13:23,VLGGY60,,1,26,21,1,4
2026-05-05 13:13:23,VLGGY60,,2,12,10,1,1
2026-05-05 13:13:23,V6380E0,,0,67,58,0,9
2026-05-05 13:13:23,V6380E0,,1,59,51,0,8
2026-05-05 13:13:23,V6171C1,,0,41,41,0,0
2026-05-05 13:13:23,V6171C0,,0,29,11,17,1
2026-05-05 13:13:23,V6171C0,,1,29,28,0,1
2026-05-05 13:13:23,VM9QH20,,0,7,7,0,0
2026-05-05 13:13:23,VM9QH20,,1,2,2,0,0
2026-05-05 13:13:23,VM9QH20,,2,6,6,0,0
2026-05-05 13:13:23,VM9QH20,,3,14,14,0,0
2026-05-05 13:13:23,V1260E0,,0,88,74,10,4
2026-05-05 13:13:23,V1260E0,,1,120,115,2,3
2026-05-05 13:13:23,V1260E0,,2,56,54,0,2
2026-05-05 13:13:23,VG7EQ00,,0,27,23,0,4
2026-05-05 13:13:23,VG7EQ00,,1,32,16,6,10
2026-05-05 13:13:23,V2101B0,,0,100,97,0,3
2026-05-05 13:13:23,VP8GX40,,0,9,6,0,3
2026-05-05 13:13:23,VP8GX40,,1,27,19,3,5
2026-05-05 13:13:23,VP8GX40,,2,18,11,0,7
2026-05-05 13:13:23,VP8GX40,,3,13,6,6,1
2026-05-05 13:13:23,VP8GX40,,4,31,22,7,2
2026-05-05 13:13:23,VP8GX40,,5,29,18,3,8
2026-05-05 13:13:23,VP8GX40,,6,38,19,7,12
2026-05-05 13:13:23,VCNKM20,,0,31,28,0,3
2026-05-05 13:13:23,VCNKM20,,1,49,5,41,3
2026-05-05 13:13:23,V8040A0,,0,34,29,2,3
2026-05-05 13:13:23,V8040A0,,1,46,34,2,10
2026-05-05 13:13:23,V8040A0,,2,36,31,0,5
2026-05-05 13:13:23,V8040A1,,0,42,35,5,2
2026-05-05 13:13:23,V8040A1,,1,49,37,6,6
2026-05-05 13:13:23,V8040A1,,2,35,31,0,4
2026-05-05 13:13:23,VPHKR40,,0,10,8,1,1
2026-05-05 13:13:23,VPHKR40,,1,23,21,1,1
2026-05-05 13:13:23,VPHKR40,,2,3,1,1,1
2026-05-05 13:13:23,VN8GX40,,0,51,18,32,1
2026-05-05 13:13:23,VN8GX40,,1,29,25,2,2
2026-05-05 13:13:23,VN8GX40,,2,11,10,1,0
2026-05-05 13:13:23,VMDL820,,0,44,38,5,1
2026-05-05 13:13:23,VMDL820,,1,57,26,31,0
2026-05-05 13:13:23,V9050A0,,0,8,6,1,1
2026-05-05 13:13:23,V9050A0,,1,48,45,2,1
2026-05-05 13:13:23,V9050A0,,2,25,19,5,1
2026-05-05 13:13:23,VZAJE60,,0,12,11,0,1
2026-05-05 13:13:23,VZAJE60,,1,28,25,2,1
2026-05-05 13:13:23,VZAJE60,,2,39,35,0,4
2026-05-05 13:13:23,VZAJE60,,3,5,4,1,0
2026-05-05 13:13:23,VZAJE60,,4,18,17,0,1
2026-05-05 13:13:23,VZAJE60,,5,13,9,3,1
2026-05-05 13:13:23,V8240E0,,0,31,25,3,3
2026-05-05 13:13:23,V8240E0,,1,56,48,1,7
2026-05-05 13:13:23,V8240E0,,2,43,41,0,2
2026-05-05 13:13:23,VGKCG60,,0,4,1,2,1
2026-05-05 13:13:23,VGKCG60,,1,27,19,1,7
2026-05-05 13:13:23,VGKCG60,,2,6,4,0,2
2026-05-05 13:13:23,VGKCG60,,3,11,8,3,0
2026-05-05 13:13:23,VGKCG60,,4,22,14,4,4
2026-05-05 13:13:23,VGKCG60,,5,16,2,14,0
2026-05-05 13:13:23,V3310G0,,0,27,26,0,1
2026-05-05 13:13:23,V3310G0,,1,38,34,2,2
2026-05-05 13:13:23,VPLJF00,,0,38,29,2,7
2026-05-05 13:13:23,VPLJF00,,1,19,11,2,6
2026-05-05 13:13:23,VKNIV20,,0,38,22,16,0
2026-05-05 13:13:23,VKNIV20,,1,55,21,34,0
2026-05-05 13:13:23,VUIFC60,,0,44,33,1,10
2026-05-05 13:13:23,VUIFC60,,1,28,22,5,1
2026-05-05 13:13:23,VUIFC60,,2,32,31,0,1
2026-05-05 13:13:23,VUIFC60,,3,27,23,2,2
2026-05-05 13:13:23,VUIFC60,,4,33,19,9,5
2026-05-05 13:13:23,VMEKD00,,0,40,25,14,1
2026-05-05 13:13:23,VMEKD00,,1,44,29,8,7
2026-05-05 13:13:23,VJTFX00,,0,16,4,4,8
2026-05-05 13:13:23,VJTFX00,,1,21,14,3,4
2026-05-05 13:13:23,VJTFX00,,2,61,23,12,26
2026-05-05 13:13:23,VP6JY40,,0,9,5,0,4
2026-05-05 13:13:23,VP6JY40,,1,38,31,6,1
2026-05-05 13:13:23,VP6JY40,,2,23,13,10,0
2026-05-05 13:13:23,VP6JY40,,3,0,0,0,0
2026-05-05 13:13:23,VP6JY40,,4,0,0,0,0
2026-05-05 13:13:23,VKJJP20,,0,48,37,11,0
2026-05-05 13:13:23,VKJJP20,,1,46,14,32,0
2026-05-05 13:13:23,VG8IK60,,0,43,18,21,4
2026-05-05 13:13:23,VG8IK60,,1,54,33,6,15
2026-05-05 13:13:23,VG8IK60,,2,22,11,10,1
2026-05-05 13:13:23,VG8IK60,,3,46,30,12,4
2026-05-05 13:13:23,VT6HS40,,0,7,6,1,0
2026-05-05 13:13:23,VT6HS40,,1,20,19,1,0
2026-05-05 13:13:23,VT6HS40,,2,26,19,7,0
2026-05-05 13:13:23,VLKGF40,,0,38,12,16,10
2026-05-05 13:13:23,VLKGF40,,1,3,1,2,0
2026-05-05 13:13:23,VLKGF40,,2,29,19,2,8
2026-05-05 13:13:23,V5261F0,,0,102,91,0,11
2026-05-05 13:13:23,VKE4M40,,0,18,15,0,3
2026-05-05 13:13:23,VKE4M40,,1,27,16,11,0
2026-05-05 13:13:23,VMZL960,,0,12,10,0,2
2026-05-05 13:13:23,VMZL960,,1,27,26,0,1
2026-05-05 13:13:23,VMZL960,,2,52,32,17,3
2026-05-05 13:13:23,VMZL960,,3,16,13,0,3
2026-05-05 13:13:23,VMZL960,,4,18,17,0,1
2026-05-05 13:13:23,VMZL960,,5,54,16,35,3
2026-05-05 13:13:23,VMZL961,,0,35,28,7,0
2026-05-05 13:13:23,VMZL961,,1,47,22,24,1
2026-05-05 13:13:23,VMZL961,,2,15,14,0,1
2026-05-05 13:13:23,VMZL961,,3,23,9,3,11
2026-05-05 13:13:23,VP6JY41,,0,6,6,0,0
2026-05-05 13:13:23,VP6JY41,,1,5,4,1,0
2026-05-05 13:13:23,VP6JY41,,2,24,19,3,2
2026-05-05 13:13:23,VP6JY41,,3,11,10,1,0
2026-05-05 13:13:23,V4090H0,,0,13,12,0,1
2026-05-05 13:13:23,V4090H0,,1,13,11,0,2
2026-05-05 13:13:23,V4090H0,,2,8,8,0,0
2026-05-05 13:13:23,VLNX920,,0,13,12,1,0
2026-05-05 13:13:23,VLNX920,,1,13,6,7,0
2026-05-05 13:13:23,VLNX920,,2,13,9,4,0
2026-05-05 13:13:23,VLNX920,,3,12,6,6,0
2026-05-05 13:13:23,V4011A0,,0,50,47,1,2
2026-05-05 13:13:23,V6180A2,,0,30,28,0,2
2026-05-05 13:13:23,V6180A2,,1,5,5,0,0
2026-05-05 13:13:23,VLAKQ20,,0,77,52,6,19
2026-05-05 13:13:23,VLAKQ20,,1,41,29,3,9
2026-05-05 13:13:23,VLAKQ20,,2,30,18,2,10
2026-05-05 13:13:23,VLAKQ20,,3,38,18,3,17
2026-05-05 13:13:23,VLAKQ20,,4,13,8,4,1
2026-05-05 13:13:23,V6180A1,,0,27,25,1,1
2026-05-05 13:13:23,V6180A1,,1,18,18,0,0
2026-05-05 13:13:23,VDTJW00,,0,12,0,0,12
2026-05-05 13:13:23,VDTJW00,,1,38,31,7,0
2026-05-05 13:13:23,VDTJW00,,2,39,30,9,0
2026-05-05 13:13:23,VDTJW00,,3,3,0,0,3
2026-05-05 13:13:23,VDTJW00,,4,25,17,7,1
2026-05-05 13:13:23,VDTJW00,,5,41,27,11,3
2026-05-05 13:13:23,VEUPN60,,0,7,3,3,1
2026-05-05 13:13:23,VEUPN60,,1,19,14,0,5
2026-05-05 13:13:23,VGKCG40,,0,4,4,0,0
2026-05-05 13:13:23,VGKCG40,,1,10,10,0,0
2026-05-05 13:13:23,VGKCG40,,2,17,16,0,1
2026-05-05 13:13:23,VGKCG40,,3,40,2,38,0
2026-05-05 13:13:23,VGKCG40,,4,0,0,0,0
2026-05-05 13:13:23,VGKCG40,,5,23,17,1,5
2026-05-05 13:13:23,V5050A0,,0,17,17,0,0
2026-05-05 13:13:23,V5050A0,,1,27,27,0,0
2026-05-05 13:13:23,VU9NA40,,0,54,42,4,8
2026-05-05 13:13:23,VU9NA40,,1,62,36,21,5
2026-05-05 13:13:23,V0120C0,,0,64,58,2,4
2026-05-05 13:13:23,V0120C0,,1,108,96,6,6
2026-05-05 13:13:23,VL7SU60,,0,15,11,4,0
2026-05-05 13:13:23,VL7SU60,,1,20,10,10,0
2026-05-05 13:13:23,VP6JY20,,0,47,15,31,1
2026-05-05 13:13:23,VP6JY20,,1,46,20,26,0
2026-05-05 13:13:23,VP6JY20,,2,14,5,8,1
2026-05-05 13:13:23,VK5PW40,,0,40,38,2,0
2026-05-05 13:13:23,VK5PW40,,1,50,37,13,0
2026-05-05 13:13:23,VK5PW40,,2,40,14,26,0
2026-05-05 13:13:23,VHYFT00,,0,5,5,0,0
2026-05-05 13:13:23,VHYFT00,,1,17,14,3,0
2026-05-05 13:13:23,VHYFT00,,2,2,0,2,0
2026-05-05 13:13:23,VHYFT00,,3,10,9,1,0
2026-05-05 13:13:23,VHYFT00,,4,33,30,0,3
2026-05-05 13:13:23,VHYFT00,,5,10,7,2,1
2026-05-05 13:13:23,VFZK620,,0,23,15,6,2
2026-05-05 13:13:23,VFZK620,,1,38,33,0,5
2026-05-05 13:13:23,VFZK620,,2,40,28,0,12
2026-05-05 13:13:23,VFZK620,,3,16,14,0,2
2026-05-05 13:13:23,VFZK620,,4,11,9,2,0
2026-05-05 13:13:23,VFZK620,,5,44,12,30,2
2026-05-05 13:13:23,V4220D0,,0,68,68,0,0
2026-05-05 13:13:23,V4220D0,,1,18,17,0,1
2026-05-05 13:13:23,VQKWL61,,0,24,21,2,1
2026-05-05 13:13:23,VQKWL61,,1,30,18,4,8
2026-05-05 13:13:23,VQKWL61,,2,18,16,2,0
2026-05-05 13:13:23,VQKWL61,,3,31,22,5,4
2026-05-05 13:13:23,V4VDD40,,0,5,4,0,1
2026-05-05 13:13:23,V4VDD40,,1,25,20,1,4
2026-05-05 13:13:23,V4VDD40,,2,44,34,7,3
2026-05-05 13:13:23,V4VDD40,,3,45,31,10,4
2026-05-05 13:13:23,V4VDD40,,4,29,19,4,6
2026-05-05 13:13:23,VGKCG20,,0,50,30,18,2
2026-05-05 13:13:23,VGKCG20,,1,56,43,0,13
2026-05-05 13:13:23,VGKCG20,,2,30,25,1,4
2026-05-05 13:13:23,VGKCG20,,3,48,22,7,19
2026-05-05 13:13:23,V5B2R60,,0,28,28,0,0
2026-05-05 13:13:23,V5B2R60,,1,38,38,0,0
2026-05-05 13:13:23,V5B2R60,,2,33,31,1,1
2026-05-05 13:13:23,V8220E0,,0,61,59,0,2
2026-05-05 13:13:23,V8220E0,,1,53,49,0,4
2026-05-05 13:13:23,V1240E0,,0,106,106,0,0
2026-05-05 13:13:23,V1240E0,,1,103,103,0,0
2026-05-05 13:13:23,V1240E0,,2,104,103,1,0
2026-05-05 13:13:23,VP6JY00,,0,8,8,0,0
2026-05-05 13:13:23,VP6JY00,,1,22,19,3,0
2026-05-05 13:13:23,VP6JY00,,2,4,3,1,0
2026-05-05 13:13:23,VP6JY00,,3,4,4,0,0
2026-05-05 13:13:23,VGTHG00,,0,3,0,0,3
2026-05-05 13:13:23,VGTHG00,,1,38,35,1,2
2026-05-05 13:13:23,VGTHG00,,2,12,10,1,1
2026-05-05 13:13:23,VGTHG00,,3,3,0,0,3
2026-05-05 13:13:23,VGTHG00,,4,42,36,2,4
2026-05-05 13:13:23,VGTHG00,,5,57,24,18,15
2026-05-05 13:13:23,VHNJV20,,0,38,31,6,1
2026-05-05 13:13:23,VHNJV20,,1,26,13,12,1
2026-05-05 13:13:23,VHNJV20,,2,0,0,0,0
2026-05-05 13:13:23,VHNJV20,,3,2,1,0,1
2026-05-05 13:13:23,VQGF701,,0,43,42,0,1
2026-05-05 13:13:23,VQGF701,,1,48,43,0,5
2026-05-05 13:13:23,VQGF701,,2,30,27,0,3
2026-05-05 13:13:23,VQGF701,,3,54,49,0,5
2026-05-05 13:13:23,VQGF701,,4,53,46,0,7
2026-05-05 13:13:23,VMDL800,,0,44,22,21,1
2026-05-05 13:13:23,VMDL800,,1,8,2,6,0
2026-05-05 13:13:23,VMDL800,,2,23,21,0,2
2026-05-05 13:13:23,VMDL800,,3,13,11,0,2
2026-05-05 13:13:23,V3110C0,,0,66,50,14,2
2026-05-05 13:13:23,V3110C0,,1,80,57,20,3
2026-05-05 13:13:23,V3110C0,,2,10,7,3,0
2026-05-05 13:13:23,V3110C0,,3,27,25,0,2
2026-05-05 13:13:23,V3110C0,,4,17,15,1,1
2026-05-05 13:13:23,V3110C0,,5,23,20,3,0
2026-05-05 13:13:23,V2LSS20,,0,69,29,34,6
2026-05-05 13:13:23,V2LSS20,,1,82,48,32,2
2026-05-05 13:13:23,V1031A1,,0,21,21,0,0
2026-05-05 13:13:23,V1031A1,,1,14,13,0,1
2026-05-05 13:13:23,VGSGF00,,0,15,15,0,0
2026-05-05 13:13:23,VGSGF00,,1,49,42,2,5
2026-05-05 13:13:23,VGSGF00,,2,13,2,11,0
2026-05-05 13:13:23,VGSGF00,,3,64,26,34,4
2026-05-05 13:13:23,VGSGF00,,4,61,49,10,2
2026-05-05 13:13:23,VGSGF00,,5,39,21,15,3
2026-05-05 13:13:23,V5261E0,,0,15,15,0,0
2026-05-05 13:13:23,VQKWL40,,0,34,31,2,1
2026-05-05 13:13:23,VQKWL40,,1,39,34,1,4
2026-05-05 13:13:23,VQKWL40,,2,12,3,5,4
2026-05-05 13:13:23,VQKWL40,,3,42,18,6,18
2026-05-05 13:13:23,VQKWL40,,4,52,37,8,7
2026-05-05 13:13:23,VQKWL40,,5,24,11,8,5
2026-05-05 13:13:23,VCPKT00,,0,30,12,13,5
2026-05-05 13:13:23,VCPKT00,,1,94,34,53,7
2026-05-05 13:13:23,VQKWL60,,0,24,21,0,3
2026-05-05 13:13:23,VQKWL60,,1,31,23,7,1
2026-05-05 13:13:23,VQKWL60,,2,33,30,3,0
2026-05-05 13:13:23,VQKWL60,,3,44,32,1,11
2026-05-05 13:13:23,V9IJV70,,0,5,3,0,2
2026-05-05 13:13:23,V9IJV70,,1,4,2,0,2
2026-05-05 13:13:23,VHMML20,,0,25,17,8,0
2026-05-05 13:13:23,VHMML20,,1,29,24,5,0
2026-05-05 13:13:23,VHMML20,,2,0,0,0,0
2026-05-05 13:13:23,VHMML20,,3,0,0,0,0
2026-05-05 13:13:23,VP8FI20,,0,97,1,96,0
2026-05-05 13:13:23,VP8FI20,,1,41,0,41,0
2026-05-05 13:13:23,VTYXQ60,,0,7,6,1,0
2026-05-05 13:13:23,VTYXQ60,,1,25,19,5,1
2026-05-05 13:13:23,V1020A1,,0,86,74,5,7
2026-05-05 13:13:23,V1020A1,,1,114,99,11,4
2026-05-05 13:13:23,V1020A1,,2,79,69,5,5
2026-05-05 13:13:23,VG8IK40,,0,15,11,4,0
2026-05-05 13:13:23,VG8IK40,,1,46,33,10,3
2026-05-05 13:13:23,VG8IK40,,2,24,7,17,0
2026-05-05 13:13:23,VG8IK40,,3,41,34,5,2
2026-05-05 13:13:23,VG8IK40,,4,23,0,22,1
2026-05-05 13:13:23,VINLD61,,0,6,6,0,0
2026-05-05 13:13:23,VINLD61,,1,26,26,0,0
2026-05-05 13:13:23,VINLD61,,2,1,0,0,1
2026-05-05 13:13:23,VINLD61,,3,6,3,3,0
2026-05-05 13:13:23,V5250E0,,0,82,69,2,11
2026-05-05 13:13:23,V5250E0,,1,69,62,0,7
2026-05-05 13:13:23,VILNY60,,0,35,32,2,1
2026-05-05 13:13:23,VILNY60,,1,3,2,0,1
2026-05-05 13:13:23,VMCN800,,0,28,28,0,0
2026-05-05 13:13:23,VMCN800,,1,4,0,0,4
2026-05-05 13:13:23,VSSWC60,,0,29,25,4,0
2026-05-05 13:13:23,VSSWC60,,1,33,24,6,3
2026-05-05 13:13:23,VIXJ740,,0,42,34,5,3
2026-05-05 13:13:23,VIXJ740,,1,41,38,1,2
2026-05-05 13:13:23,VIXJ740,,2,29,22,6,1
2026-05-05 13:13:23,VIXJ740,,3,89,31,58,0
2026-05-05 13:13:23,VIXJ740,,4,42,28,14,0
2026-05-05 13:13:23,VIXJ740,,5,31,22,8,1
2026-05-05 13:13:23,V1220E0,,0,89,84,4,1
2026-05-05 13:13:23,V1220E0,,1,114,109,1,4
2026-05-05 13:13:23,VLRKQ40,,0,33,23,10,0
2026-05-05 13:13:23,VLRKQ40,,1,52,22,29,1
2026-05-05 13:13:23,V1011A0,,0,43,22,15,6
2026-05-05 13:13:23,VTVXH20,,0,13,12,0,1
2026-05-05 13:13:23,VTVXH20,,1,31,29,0,2
2026-05-05 13:13:23,VKLPX00,,0,20,16,0,4
2026-05-05 13:13:23,VKLPX00,,1,47,32,12,3
2026-05-05 13:13:23,VKLPX00,,2,26,11,1,14
2026-05-05 13:13:23,VKLPX00,,3,28,9,4,15
2026-05-05 13:13:23,VLPN800,,0,34,31,0,3
2026-05-05 13:13:23,VLPN800,,1,39,38,0,1
2026-05-05 13:13:23,V5070A1,,0,77,70,5,2
2026-05-05 13:13:23,V5070A1,,1,9,5,2,2
2026-05-05 13:13:23,V5070A2,,0,76,69,4,3
2026-05-05 13:13:23,V5070A2,,1,74,67,5,2
2026-05-05 13:13:23,V5070A0,,0,93,84,4,5
2026-05-05 13:13:23,V5070A0,,1,60,18,1,41
2026-05-05 13:13:23,VCCKW00,,0,7,2,0,5
2026-05-05 13:13:23,VCCKW00,,1,23,17,5,1
2026-05-05 13:13:23,VCCKW00,,2,19,4,15,0
2026-05-05 13:13:23,VCCKW00,,3,37,20,16,1
2026-05-05 13:13:23,VACTV20,,0,43,38,2,3
2026-05-05 13:13:23,VACTV20,,1,32,25,2,5
2026-05-05 13:13:23,VN0C0E1,,0,35,30,1,4
2026-05-05 13:13:23,VN0C0E0,,0,45,42,1,2
2026-05-05 13:13:23,V4IHB60,,0,25,21,0,4
2026-05-05 13:13:23,V4IHB60,,1,13,11,2,0
2026-05-05 13:13:23,V4IHB60,,2,28,18,6,4
2026-05-05 13:13:23,V4IHB60,,3,39,31,5,3
2026-05-05 13:13:23,V4IHB60,,4,22,11,9,2
2026-05-05 13:13:23,VN0C0E2,,0,49,47,0,2
2026-05-05 13:13:23,VN0C0E2,,1,54,43,0,11
2026-05-05 13:13:23,V0140C1,,0,123,116,1,6
2026-05-05 13:13:23,V0140C1,,1,102,101,0,1
2026-05-05 13:13:23,V0140C0,,0,126,117,6,3
2026-05-05 13:13:23,V0140C0,,1,106,104,0,2
2026-05-05 13:13:23,V1231E0,,0,55,55,0,0
2026-05-05 13:13:23,VHSH560,,0,9,4,3,2
2026-05-05 13:13:23,VHSH560,,1,22,15,2,5
2026-05-05 13:13:23,VN5HV61,,0,41,24,6,11
2026-05-05 13:13:23,VN5HV61,,1,9,6,2,1
2026-05-05 13:13:23,VN5HV61,,1,9,6,2,1
2026-05-05 13:13:23,VN5HV61,,2,18,13,2,3
2026-05-05 13:13:23,VN5HV61,,3,44,28,5,11
2026-05-05 13:13:23,VN5HV60,,0,24,19,3,2
2026-05-05 13:13:23,VN5HV60,,1,40,29,3,8
2026-05-05 13:13:23,VKRM820,,0,11,5,6,0
2026-05-05 13:13:23,VKRM820,,1,36,26,7,3
2026-05-05 13:13:23,VKRM820,,2,17,13,2,2
2026-05-05 13:13:23,VKRM820,,3,4,0,4,0
2026-05-05 13:13:23,VHHEF20,,0,8,7,1,0
2026-05-05 13:13:23,VHHEF20,,1,12,6,5,1
2026-05-05 13:13:23,VTTIF00,,0,55,50,3,2
2026-05-05 13:13:23,VTTIF00,,1,78,75,0,3
2026-05-05 13:13:23,VTTIF00,,2,82,73,1,8
2026-05-05 13:13:23,VTTIF00,,3,73,55,2,16
2026-05-05 13:13:23,VTTIF00,,4,35,26,4,5
2026-05-05 13:13:23,VU5IF00,,0,27,27,0,0
2026-05-05 13:13:23,VU5IF00,,1,60,59,0,1
2026-05-05 13:13:23,VU5IF00,,2,69,67,1,1
2026-05-05 13:13:23,VU5IF00,,3,60,59,0,1
2026-05-05 13:13:23,VDMMS40,,0,21,14,7,0
2026-05-05 13:13:23,VDMMS40,,1,22,15,7,0
2026-05-05 13:13:23,VGHN840,,0,21,20,0,1
2026-05-05 13:13:23,VGHN840,,1,27,26,0,1
2026-05-05 13:13:23,VGHN840,,2,24,22,0,2
2026-05-05 13:13:23,VGHN840,,3,21,20,1,0
2026-05-05 13:13:23,V1SNV00,,0,22,14,6,2
2026-05-05 13:13:23,V1SNV00,,1,59,26,33,0
2026-05-05 13:13:23,V1SNV00,,2,11,7,3,1
2026-05-05 13:13:23,VH7E760,,0,15,13,0,2
2026-05-05 13:13:23,VH7E760,,1,45,5,39,1
2026-05-05 13:13:23,V6310G0,,0,30,27,2,1
2026-05-05 13:13:23,V6310G0,,1,62,58,0,4
2026-05-05 13:13:23,V6310G0,,2,26,23,1,2
2026-05-05 13:13:23,VN8PG20,,0,35,17,14,4
2026-05-05 13:13:23,VN8PG20,,1,17,13,3,1
2026-05-05 13:13:23,V36F660,,0,31,24,1,6
2026-05-05 13:13:23,V36F660,,1,21,17,2,2
2026-05-05 13:13:23,V36F660,,2,36,30,4,2
2026-05-05 13:13:23,V36F660,,3,28,22,4,2
2026-05-05 13:13:23,V03A0G0,,0,141,131,7,3
2026-05-05 13:13:23,V03A0G0,,1,133,132,0,1
2026-05-05 13:13:23,VCPKT41,,0,8,1,1,6
2026-05-05 13:13:23,VCPKT41,,1,15,13,0,2
2026-05-05 13:13:23,VCPKT41,,2,52,33,17,2
2026-05-05 13:13:23,VCPKT41,,3,34,9,25,0
2026-05-05 13:13:23,VNZ4641,,0,5,5,0,0
2026-05-05 13:13:23,VNZ4641,,1,27,21,4,2
2026-05-05 13:13:23,VNZ4641,,2,32,19,12,1
2026-05-05 13:13:23,VCPKT40,,0,14,8,6,0
2026-05-05 13:13:23,VCPKT40,,1,20,12,7,1
2026-05-05 13:13:23,VCPKT40,,2,42,19,21,2
2026-05-05 13:13:23,VQKWL00,,0,22,22,0,0
2026-05-05 13:13:23,VQKWL00,,1,35,31,2,2
2026-05-05 13:13:23,VQKWL00,,2,37,22,7,8
2026-05-05 13:13:23,VQKWL00,,3,51,36,7,8
2026-05-05 13:13:23,VNZM960,,0,26,21,3,2
2026-05-05 13:13:23,VNZM960,,1,23,17,3,3
2026-05-05 13:13:23,VNZM960,,2,27,20,3,4
2026-05-05 13:13:23,VNZM960,,3,12,11,0,1
2026-05-05 13:13:23,VNZM960,,4,30,19,4,7
2026-05-05 13:13:23,VNZM960,,5,35,17,14,4
2026-05-05 13:13:23,VJ7II00,,0,7,7,0,0
2026-05-05 13:13:23,VJ7II00,,1,29,29,0,0
2026-05-05 13:13:23,VQGFY00,,0,10,1,5,4
2026-05-05 13:13:23,VQGFY00,,1,25,21,1,3
2026-05-05 13:13:23,VQGFY00,,2,31,31,0,0
2026-05-05 13:13:23,VQGFY00,,3,7,1,2,4
2026-05-05 13:13:23,VQGFY00,,4,4,3,0,1
2026-05-05 13:13:23,VQGFY00,,5,30,25,1,4
2026-05-05 13:13:23,VKXRL60,,0,19,15,4,0
2026-05-05 13:13:23,VKXRL60,,1,28,22,6,0
2026-05-05 13:13:23,VKXRL60,,2,48,21,25,2
2026-05-05 13:13:23,VFNNH40,,0,39,28,10,1
2026-05-05 13:13:23,VFNNH40,,1,9,3,4,2
2026-05-05 13:13:23,VFNNH40,,2,33,28,4,1
2026-05-05 13:13:23,VFNNH40,,3,40,34,5,1
2026-05-05 13:13:23,VG7PG00,,0,39,35,0,4
2026-05-05 13:13:23,VG7PG00,,1,43,37,3,3
2026-05-05 13:13:23,VG7PG00,,2,45,32,11,2
2026-05-05 13:13:23,VG7PG00,,3,51,48,1,2
2026-05-05 13:13:23,VG7PG00,,4,56,49,5,2
2026-05-05 13:13:23,VG7PG00,,5,31,9,15,7
2026-05-05 13:13:23,VN5JX20,,0,30,20,4,6
2026-05-05 13:13:23,VN5JX20,,1,28,26,1,1
2026-05-05 13:13:23,VN5JX20,,2,34,23,4,7
2026-05-05 13:13:23,VN5JX20,,3,22,12,1,9
2026-05-05 13:13:23,VN5JX20,,4,27,19,6,2
2026-05-05 13:13:23,VN5JX20,,5,24,14,6,4
2026-05-05 13:13:23,VMAZC60,,0,28,25,1,2
2026-05-05 13:13:23,VMAZC60,,1,1,0,0,1
2026-05-05 13:13:23,VMAZC60,,2,18,9,4,5
2026-05-05 13:13:23,VMAZC60,,3,18,10,5,3
2026-05-05 13:13:23,VMEKQ40,,0,30,27,3,0
2026-05-05 13:13:23,VMEKQ40,,1,28,24,3,1
2026-05-05 13:13:23,VMEKQ40,,2,13,7,6,0
2026-05-05 13:13:23,VMEKQ41,,0,39,31,7,1
2026-05-05 13:13:23,VMEKQ41,,1,32,21,10,1
2026-05-05 13:13:23,VMEKQ41,,2,41,30,6,5
2026-05-05 13:13:23,VKVJB60,,0,38,26,12,0
2026-05-05 13:13:23,VKVJB60,,1,24,8,15,1
2026-05-05 13:13:23,VKVJB60,,1,24,8,15,1
2026-05-05 13:13:23,VKVJB60,,2,45,0,18,27
2026-05-05 13:13:23,VAWVC20,,0,19,15,0,4
2026-05-05 13:13:23,VAWVC20,,1,9,6,1,2
2026-05-05 13:13:23,VAWVC20,,1,9,6,1,2
2026-05-05 13:13:23,VAWVC20,,2,12,8,0,4
2026-05-05 13:13:23,VEVIV40,,0,34,29,4,1
2026-05-05 13:13:23,VEVIV40,,1,48,28,20,0
2026-05-05 13:13:23,VEVIV40,,2,21,12,9,0
2026-05-05 13:13:23,VEVIV40,,3,29,26,3,0
2026-05-05 13:13:23,VEVIV40,,4,41,28,13,0
2026-05-05 13:13:23,VEVIV40,,5,3,2,1,0
2026-05-05 13:13:23,VM7PP00,,0,13,9,3,1
2026-05-05 13:13:23,VM7PP00,,1,34,28,0,6
2026-05-05 13:13:23,VFWBS00,,0,37,31,5,1
2026-05-05 13:13:23,VFWBS00,,1,21,9,12,0
2026-05-05 13:13:23,VFWBS00,,2,28,22,3,3
2026-05-05 13:13:23,VFWBS00,,3,74,7,67,0
2026-05-05 13:13:23,VHKQP20,,0,31,25,2,4
2026-05-05 13:13:23,VHKQP20,,1,41,30,6,5
2026-05-05 13:13:23,VHKQP20,,2,40,20,6,14
2026-05-05 13:13:23,VHKQP20,,3,45,10,16,19
2026-05-05 13:13:23,VHKQP20,,4,27,12,0,15
2026-05-05 13:13:23,VHKQP20,,5,33,18,1,14
2026-05-05 13:13:23,VIME520,,0,38,31,2,5
2026-05-05 13:13:23,VRTHD40,,0,13,13,0,0
2026-05-05 13:13:23,VRTHD40,,1,17,16,1,0
2026-05-05 13:13:23,VRTHD40,,2,19,17,0,2
2026-05-05 13:13:23,VRTHD40,,3,8,2,6,0
2026-05-05 13:13:23,VRTHD40,,4,26,23,0,3
2026-05-05 13:13:23,VRTHD40,,5,16,14,2,0
2026-05-05 13:13:23,VRTHD40,,6,12,6,1,5
2026-05-05 13:13:23,V6330G3,,0,74,62,4,8
2026-05-05 13:13:23,V6330G3,,1,57,56,0,1
2026-05-05 13:13:23,V6330G4,,0,68,66,1,1
2026-05-05 13:13:23,V6330G4,,1,49,48,1,0
2026-05-05 13:13:23,V6330G5,,0,72,67,0,5
2026-05-05 13:13:23,V6330G5,,1,67,63,1,3
2026-05-05 13:13:23,V6330G6,,0,72,57,8,7
2026-05-05 13:13:23,V6330G6,,1,73,70,0,3
2026-05-05 13:13:23,VM7IG40,,0,33,25,6,2
2026-05-05 13:13:23,VM7IG40,,1,34,17,17,0
2026-05-05 13:13:23,V6330G0,,0,29,28,1,0
2026-05-05 13:13:23,V6330G0,,1,21,20,1,0
2026-05-05 13:13:23,V6330G0,,2,37,34,1,2
2026-05-05 13:13:23,V6330G2,,0,68,62,3,3
2026-05-05 13:13:23,V6330G2,,1,47,43,2,2
2026-05-05 13:13:23,VXSLB20,,0,32,24,3,5
2026-05-05 13:13:23,VXSLB20,,1,57,19,36,2
2026-05-05 13:13:23,VPBTD70,,0,18,18,0,0
2026-05-05 13:13:23,VPBTD70,,1,26,22,4,0
2026-05-05 13:13:23,VPBTD70,,2,3,0,3,0
2026-05-05 13:13:23,VPBTD70,,3,35,13,22,0
2026-05-05 13:13:23,V37JI40,,0,23,9,12,2
2026-05-05 13:13:23,V37JI40,,1,32,21,9,2
2026-05-05 13:13:23,V37JI40,,2,17,13,1,3
2026-05-05 13:13:23,V37JI40,,3,36,12,22,2
2026-05-05 13:13:23,V37JI40,,4,37,19,18,0
2026-05-05 13:13:23,V37JI40,,5,12,10,0,2
2026-05-05 13:13:23,VISCI20,,0,12,9,0,3
2026-05-05 13:13:23,V2KLN40,,0,9,8,0,1
2026-05-05 13:13:23,V2KLN40,,1,26,21,0,5
2026-05-05 13:13:23,V2KLN40,,2,3,1,1,1
2026-05-05 13:13:23,V2KLN40,,3,16,13,3,0
2026-05-05 13:13:23,V2KLN40,,4,22,21,1,0
2026-05-05 13:13:23,V2KLN40,,5,17,11,0,6
2026-05-05 13:13:23,V9030A2,,0,25,13,4,8
2026-05-05 13:13:23,V9030A2,,1,51,33,2,16
2026-05-05 13:13:23,V9030A2,,2,34,26,2,6
2026-05-05 13:13:23,V4020A0,,0,9,6,3,0
2026-05-05 13:13:23,V4020A0,,1,49,47,1,1
2026-05-05 13:13:23,V4020A0,,2,85,74,5,6
2026-05-05 13:13:23,V3UNW00,,0,25,17,5,3
2026-05-05 13:13:23,V3UNW00,,1,41,29,9,3
2026-05-05 13:13:23,VHBGA00,,0,24,18,5,1
2026-05-05 13:13:23,VHBGA00,,1,43,37,4,2
2026-05-05 13:13:23,VHBGA00,,2,42,16,26,0
2026-05-05 13:13:23,VHBGA00,,3,46,20,15,11
2026-05-05 13:13:23,V0160C0,,0,125,113,8,4
2026-05-05 13:13:23,V0160C0,,1,114,114,0,0
2026-05-05 13:13:23,V0380F0,,0,75,64,0,11
2026-05-05 13:13:23,V0380F0,,1,25,21,0,4
2026-05-05 13:13:23,VHBGA01,,0,15,15,0,0
2026-05-05 13:13:23,VHBGA01,,1,31,30,0,1
2026-05-05 13:13:23,VHBGA01,,2,12,7,4,1
2026-05-05 13:13:23,VHBGA01,,3,42,10,31,1
2026-05-05 13:13:23,VHBGA01,,4,21,19,2,0
2026-05-05 13:13:23,VHBGA01,,5,8,6,0,2
2026-05-05 13:13:23,VHMKW40,,0,26,24,1,1
2026-05-05 13:13:23,VHMKW40,,1,17,14,2,1
2026-05-05 13:13:23,VHMKW40,,2,19,6,13,0
2026-05-05 13:13:23,VU5QC60,,0,9,8,0,1
2026-05-05 13:13:23,VU5QC60,,1,40,31,3,6
2026-05-05 13:13:23,VU5QC60,,2,35,26,7,2
2026-05-05 13:13:23,VU5QC60,,3,4,0,4,0
2026-05-05 13:13:23,V6121A0,,0,27,27,0,0
2026-05-05 13:13:23,VTXQJ20,,0,22,16,2,4
2026-05-05 13:13:23,VTXQJ20,,1,27,19,6,2
2026-05-05 13:13:23,VTXQJ20,,2,42,24,14,4
2026-05-05 13:13:23,VJMHU60,,0,22,11,2,9
2026-05-05 13:13:23,VJMHU60,,1,14,9,3,2
2026-05-05 13:13:23,VP6IG60,,0,8,1,5,2
2026-05-05 13:13:23,VP6IG60,,1,45,34,4,7
2026-05-05 13:13:23,VP6IG60,,2,43,24,6,13
2026-05-05 13:13:23,VP6IG60,,3,6,1,0,5
2026-05-05 13:13:23,VP6IG60,,4,43,31,6,6
2026-05-05 13:13:23,VP6IG60,,5,51,25,19,7
2026-05-05 13:13:23,VGIA660,,0,9,6,0,3
2026-05-05 13:13:23,VGIA660,,1,8,4,1,3
2026-05-05 13:13:23,VSKTL00,,0,31,18,4,9
2026-05-05 13:13:23,VSKTL00,,1,47,30,4,13
2026-05-05 13:13:23,VSKTL00,,2,24,4,16,4
2026-05-05 13:13:23,VSKTL00,,3,30,18,11,1
2026-05-05 13:13:23,VSKTL00,,4,27,27,0,0
2026-05-05 13:13:23,VSKTL00,,5,25,21,4,0
2026-05-05 13:13:23,V52C1E0,,0,18,16,0,2
2026-05-05 13:13:23,VN0E0E2,,0,72,66,1,5
2026-05-05 13:13:23,VN0E0E2,,1,69,63,3,3
2026-05-05 13:13:23,VJDST20,,0,12,11,0,1
2026-05-05 13:13:23,VJDST20,,1,17,15,2,0
2026-05-05 13:13:23,VJDST20,,2,14,7,6,1
2026-05-05 13:13:23,V4031A0,,0,8,8,0,0
2026-05-05 13:13:23,VP6JY61,,0,30,23,6,1
2026-05-05 13:13:23,VP6JY61,,1,43,26,16,1
2026-05-05 13:13:23,VP6JY61,,2,20,5,14,1
2026-05-05 13:13:23,VP6JY60,,0,7,0,0,7
2026-05-05 13:13:23,VP6JY60,,1,43,33,7,3
2026-05-05 13:13:23,VP6JY60,,2,44,35,6,3
2026-05-05 13:13:23,VP6JY60,,3,8,1,0,7
2026-05-05 13:13:23,VP6JY60,,4,61,45,9,7
2026-05-05 13:13:23,VP6JY60,,5,65,29,22,14
2026-05-05 13:13:23,VP6JY60,,6,0,0,0,0
2026-05-05 13:13:23,V9FKW40,,0,2,2,0,0
2026-05-05 13:13:23,V9FKW40,,1,1,1,0,0
2026-05-05 13:13:23,VHJS620,,0,14,11,0,3
2026-05-05 13:13:23,VHJS620,,1,18,17,1,0
2026-05-05 13:13:23,VHJS620,,2,17,12,5,0
2026-05-05 13:13:23,VHJS620,,3,30,14,8,8
2026-05-05 13:13:23,VN0E0E0,,0,42,39,1,2
2026-05-05 13:13:23,VN0E0E1,,0,66,64,0,2
2026-05-05 13:13:23,VN0E0E1,,1,81,75,2,4
2026-05-05 13:13:23,VM64J20,,0,11,4,6,1
2026-05-05 13:13:23,VM64J20,,1,40,34,3,3
2026-05-05 13:13:23,VM64J20,,2,29,18,10,1
2026-05-05 13:13:23,VM64J20,,3,26,23,0,3
2026-05-05 13:13:23,VMDXF00,,0,21,18,1,2
2026-05-05 13:13:23,VMDXF00,,1,24,14,6,4
2026-05-05 13:13:23,VMDXF00,,2,8,3,4,1
2026-05-05 13:13:23,VMDXF00,,3,4,2,1,1
2026-05-05 13:13:23,VMDXF00,,4,22,20,0,2
2026-05-05 13:13:23,VMDXF00,,5,40,30,4,6
2026-05-05 13:13:23,VN9PZ60,,0,13,13,0,0
2026-05-05 13:13:23,VN9PZ60,,1,14,14,0,0
2026-05-05 13:13:23,VN9PZ60,,2,21,15,0,6
